exp,regime,calibrator,N_cal,L,f_cont,budget,n_cal_draws,alpha_mean,rate_mean,rate_bias,rate_rel_bias,rate_std,abs_err_mean,viol_rate_frac,viol_Lpath_frac,viol_Lalpha_frac,start_rate_mean,start_bias_vs_alpha,mean_run_len,N_eff,N_eff_over_N,exc_cal,eff_exceedances,std_pred_iid,std_pred_neff
F10,N2,CONF_START,250,4,0.0,0.02,400,0.011992031872505296,0.03237147147147147,0.012371471471471471,0.6185735735735736,0.02129143456199897,0.8785735735735736,0.65,0.0,0.2025,0.008414664664664664,-0.0035773672078406316,4.106994428114118,63.190971002365444,0.25276388400946176,2.998007968126324,0.7577881383149243,0.008854377448471461,0.017611669270628103
F10,N2,CONF_START,250,4,0.0,0.1,400,0.034272908366494326,0.10884304304304304,0.008843043043043036,0.08843043043043036,0.037423125730578675,0.2968268268268268,0.57,0.0,0.2125,0.030903403403403404,-0.003369504963090922,4.469308489303744,58.04363042063749,0.23217452168254996,8.568227091623582,1.9893240266651713,0.018973665961010275,0.039377121949147637
F10,N2,CONF_START,250,20,0.0,0.02,400,0.008027888446212782,0.07918873873873875,0.05918873873873874,2.959436936936937,0.07302962610800989,3.180112612612613,0.7975,0.0,0.12,0.004356106106106106,-0.0036717823401066765,20.855478585895735,247.54786926203377,0.990191477048135,2.0069721115531958,1.9872866795332733,0.008854377448471461,0.008898123709682595
F10,N2,CONF_START,250,20,0.0,0.1,400,0.012270916334606639,0.15081941941941943,0.05081941941941942,0.5081941941941942,0.08799863092426828,0.7637537537537538,0.6525,0.0,0.1475,0.008662312312312313,-0.0036086040222943257,21.93786530984407,13.710829230522869,0.054843316922091476,3.0677290836516597,0.16824443836582526,0.018973665961010275,0.08101946925557368
F10,N2,CONF_START,250,50,0.0,0.02,400,0.008027888446212782,0.1769536036036036,0.1569536036036036,7.8476801801801805,0.14758782244223437,7.954456956956957,0.9025,0.0,0.0775,0.004356106106106106,-0.0036717823401066765,56.14244282166037,247.54786926203377,0.990191477048135,2.0069721115531958,1.9872866795332733,0.008854377448471461,0.008898123709682595
F10,N2,CONF_START,250,50,0.0,0.1,400,0.0083266932270603,0.1847688188188188,0.08476881881881879,0.8476881881881878,0.15260663387702378,1.2421216216216215,0.62,0.0,0.07,0.004596296296296296,-0.0037303969307640045,56.70722446900618,231.68963251376593,0.9267585300550637,2.081673306765075,1.9292084938324647,0.018973665961010275,0.019709152703513397
F10,N2,CONF_START,500,4,0.0,0.02,400,0.008068862275443577,0.024139339339339344,0.004139339339339344,0.20696696696696718,0.014310324208942028,0.5367467467467468,0.5725,0.0,0.23,0.006173923923923924,-0.0018949383515196533,4.073273155162472,124.75242464679044,0.24950484929358088,4.034431137721788,1.006610133002605,0.006260990336999411,0.012534399660008737
F10,N2,CONF_START,500,4,0.0,0.1,400,0.03089321357280081,0.10300730730730731,0.0030073073073073053,0.030073073073073053,0.028937026753317708,0.22751551551551552,0.5,0.0,0.2125,0.029046296296296292,-0.0018469172765045172,4.445778326837095,115.87968567207389,0.23175937134414779,15.446606786400405,3.5798958782164045,0.01341640786499874,0.027868757108722615
F10,N2,CONF_START,500,20,0.0,0.02,400,0.00403193612774266,0.041565265265265265,0.021565265265265265,1.0782632632632632,0.038769533643473894,1.4530580580580577,0.65,0.0,0.1325,0.0021725225225225227,-0.0018594136052201373,20.321365135984102,492.84874529407267,0.9856974905881454,2.01596806387133,1.987134661663812,0.006260990336999411,0.006306250355318967
F10,N2,CONF_START,500,20,0.0,0.1,400,0.008333333333250169,0.11708363363363365,0.017083633633633646,0.17083633633633646,0.06492659509196302,0.507547047047047,0.555,0.0,0.1975,0.0064422922922922924,-0.0018910410409578764,21.427557295455422,25.222309671579623,0.05044461934315925,4.166666666625084,0.2101859139277326,0.01341640786499874,0.059734994488840676
F10,N2,CONF_START,500,50,0.0,0.02,400,0.00403193612774266,0.09790495495495495,0.07790495495495495,3.895247747747747,0.08638587709668266,4.076493993993994,0.83,0.0,0.1175,0.0021725225225225227,-0.0018594136052201373,52.54757528596358,492.84874529407267,0.9856974905881454,2.01596806387133,1.987134661663812,0.006260990336999411,0.006306250355318967
F10,N2,CONF_START,500,50,0.0,0.1,400,0.00601297405186624,0.17744639639639645,0.07744639639639644,0.7744639639639644,0.10916249732708472,1.0010775775775775,0.7175,0.0,0.1125,0.0041416416416416415,-0.001871332410224599,55.86307056719624,13.590696857375871,0.027181393714751742,3.00648702593312,0.08172050755018118,0.01341640786499874,0.0813767595169925
F10,N2,CONF_START,1000,4,0.0,0.02,400,0.0070029970029858975,0.023768168168168166,0.0037681681681681657,0.18840840840840828,0.009379722134892863,0.3874074074074074,0.595,0.0,0.3025,0.006038688688688688,-0.0009643083142972094,4.070035632005932,245.720763505777,0.245720763505777,7.0029970029858974,1.720781770402363,0.004427188724235731,0.008931144327490469
F10,N2,CONF_START,1000,4,0.0,0.1,400,0.02955794205789792,0.10100425425425424,0.0010042542542542388,0.010042542542542388,0.019050973462311247,0.15443493493493493,0.49,0.0,0.1625,0.028376976976976977,-0.0011809650809209427,4.442038948023997,232.84103765890526,0.23284103765890526,29.557942057897918,6.88230189982275,0.009486832980505138,0.019660361166843908
F10,N2,CONF_START,1000,20,0.0,0.02,400,0.002999500499496749,0.03810885885885886,0.01810885885885886,0.905442942942943,0.026066313270461147,1.1289714714714716,0.725,0.0,0.18,0.0019648148148148146,-0.0010346856846819344,20.418684313908436,51.90638831354512,0.051906388313545125,2.999500499496749,0.1556932376735508,0.004427188724235731,0.01943200573563614
F10,N2,CONF_START,1000,20,0.0,0.1,400,0.007080419580377657,0.11375220220220221,0.013752202202202204,0.13752202202202204,0.043052956164990996,0.35346996996996993,0.5675,0.0,0.26,0.006127577577577577,-0.0009528420028000794,21.345985745418407,49.54061117464084,0.049540611174640835,7.080419580377657,0.35076831338480313,0.009486832980505138,0.0426226624478623
F10,N2,CONF_START,1000,50,0.0,0.02,400,0.0020179820179716066,0.04806796796796796,0.02806796796796796,1.403398398398398,0.04571260987424273,1.7966266266266266,0.6575,0.0,0.1375,0.0010108608608608608,-0.0010071211571107458,49.9436067028519,984.6279939783719,0.984627993978372,2.017982017971607,1.98696158623981,0.004427188724235731,0.0044616135059166095
F10,N2,CONF_START,1000,50,0.0,0.1,400,0.004033466533400505,0.13472517517517515,0.03472517517517515,0.3472517517517515,0.07105995468997121,0.5798853853853853,0.6425,0.0,0.18,0.0029703203203203204,-0.0010631462130801842,54.01303331353243,20.216926727392856,0.020216926727392857,4.033466533400505,0.08154429736314928,0.009486832980505138,0.0667211750460385
F10,N2,CONF_START,2000,4,0.0,0.02,400,0.006001999000485714,0.02156616616616617,0.0015661661661661684,0.07830830830830841,0.006532042332829538,0.25962462462462466,0.5375,0.0,0.3225,0.005462812812812814,-0.0005391861876729003,4.063234621227393,489.6712410002211,0.24483562050011054,12.003998000971428,2.939006299049926,0.0031304951684997056,0.00632667807681906
F10,N2,CONF_START,2000,4,0.0,0.1,400,0.028804347826044366,0.10088028028028027,0.0008802802802802684,0.008802802802802684,0.014400762085237828,0.11635335335335334,0.5,0.0,0.165,0.028334034034034034,-0.0004703137920103323,4.445930159507876,463.32423923417707,0.23166211961708855,57.608695652088734,13.345752543138628,0.00670820393249937,0.013937303072599
F10,N2,CONF_START,2000,20,0.0,0.02,400,0.0019990004997365966,0.028653103103103098,0.008653103103103098,0.4326551551551549,0.016440384675333916,0.6583708708708709,0.6525,0.0,0.2075,0.001463213213213213,-0.0005357872865233836,20.300563677388244,100.01624220724545,0.050008121103622724,3.9980009994731933,0.19993251815406016,0.0031304951684997056,0.013998863183973954
F10,N2,CONF_START,2000,20,0.0,0.1,400,0.006125687156401334,0.10504099099099098,0.005040990990990979,0.05040990990990979,0.02957341594150745,0.23521871871871872,0.53,0.0,0.2575,0.005590990990990991,-0.0005346961654103428,21.215763100961595,96.5877722224242,0.0482938861112121,12.251374312802668,0.5916664757683215,0.00670820393249937,0.03052531681544383
F10,N2,CONF_START,2000,50,0.0,0.02,400,0.001011994002993879,0.02431541541541541,0.00431541541541541,0.2157707707707705,0.024281589669466686,0.8652202202202203,0.46,0.0,0.14,0.0004988988988988989,-0.0005130951040949801,47.98410393643287,1958.7775501192748,0.9793887750596374,2.023988005987758,1.9822711339197483,0.0031304951684997056,0.003163264276284625
F10,N2,CONF_START,2000,50,0.0,0.1,400,0.0030334832583301797,0.11521806806806807,0.015218068068068066,0.15218068068068066,0.04860360178424479,0.39860310310310304,0.57,0.0,0.2075,0.00248018018018018,-0.0005533030781499997,53.28394857669164,39.51764380139938,0.01975882190069969,6.06696651666036,0.11987611088020042,0.00670820393249937,0.047722779870237896
F10,N2,CONF_START,5000,4,0.0,0.02,400,0.005421915616862303,0.020676576576576577,0.0006765765765765763,0.033828828828828816,0.004119040502279099,0.16475475475475476,0.5575,0.0,0.39,0.00523008008008008,-0.0001918355367822224,4.060928779043593,1222.6959250188063,0.24453918500376126,27.109578084311515,6.629354130533365,0.001979898987322333,0.004003767069952981
F10,N2,CONF_START,5000,4,0.0,0.1,400,0.028331833633229837,0.10003713713713715,3.713713713714151e-05,0.00037137137137141507,0.008876657180995642,0.07152652652652652,0.5075,0.0,0.06,0.028058708708708704,-0.00027312492452113285,4.442369723846973,1169.4949141812465,0.2338989828362493,141.6591681661492,33.13393534349148,0.004242640687119285,0.008772473924042247
F10,N2,CONF_START,5000,20,0.0,0.02,400,0.0014007198560269047,0.02352862862862863,0.0035286286286286307,0.17643143143143153,0.010244254779424509,0.40951451451451454,0.5875,0.0,0.295,0.0011942942942942943,-0.0002064255617326104,20.24221426592906,246.59914588600913,0.049319829177201825,7.003599280134523,0.34541632012180834,0.001979898987322333,0.008915223838064907
F10,N2,CONF_START,5000,20,0.0,0.1,400,0.00560387922410325,0.10197597597597596,0.0019759759759759576,0.019759759759759576,0.019225435636394096,0.1532112112112112,0.545,0.0,0.2925,0.005402152152152152,-0.0002017270719510975,21.163183668741002,246.95204620804753,0.049390409241609506,28.019396120516248,1.3838894410950633,0.004242640687119285,0.0190903961308148
F10,N2,CONF_START,5000,50,0.0,0.02,400,0.0007998400319836602,0.029034334334334336,0.009034334334334336,0.4517167167167168,0.017958980762322482,0.7253553553553553,0.645,0.0,0.245,0.0005926426426426427,-0.00020719738934101754,50.494188282779135,100.05201799149856,0.02001040359829971,3.999200159918301,0.08002560927034995,0.001979898987322333,0.013996360160562087
F10,N2,CONF_START,5000,50,0.0,0.1,400,0.0024515096980538865,0.10904484484484485,0.009044844844844843,0.09044844844844843,0.03238095173064755,0.25879879879879875,0.58,0.0,0.31,0.002323823823823824,-0.00012768587423006269,53.02596301703692,97.57463910946815,0.01951492782189363,12.257548490269432,0.23920517406096922,0.004242640687119285,0.03037055845983317
F10,N2,CONF_START,10000,4,0.0,0.02,400,0.005223727627236434,0.020401501501501502,0.00040150150150150207,0.020075075075075104,0.0030623230967482865,0.12046046046046047,0.5125,0.0,0.415,0.00515920920920921,-6.451841802722347e-05,4.058767325695873,2448.9691614937283,0.24489691614937284,52.23727627236434,12.792747867144833,0.0014,0.002829022343518903
F10,N2,CONF_START,10000,4,0.0,0.1,400,0.02818468153179748,0.10004434434434434,4.434434434433254e-05,0.0004434434434433254,0.006654285367754833,0.05386086086086086,0.485,0.0,0.0225,0.02806826826826827,-0.00011641326352921158,4.445009554424745,2348.3162913002534,0.23483162913002534,281.8468153179748,66.1865468062294,0.003,0.0061907456222232695
F10,N2,CONF_START,10000,20,0.0,0.02,400,0.0012006299370047782,0.021781931931931932,0.0017819319319319314,0.08909659659659656,0.006675265236738965,0.2648023023023023,0.5925,0.0,0.335,0.0011034534534534535,-9.717648355132467e-05,20.215896469893956,493.5893183389342,0.04935893183389342,12.006299370047781,0.592618112183506,0.0014,0.006301517683889514
F10,N2,CONF_START,10000,20,0.0,0.1,400,0.005440955904358815,0.10154089089089088,0.001540890890890878,0.01540890890890878,0.014843041152371545,0.116494994994995,0.5025,0.0,0.29,0.005371821821821821,-6.913408253699394e-05,21.157735145426027,489.983267514014,0.0489983267514014,54.40955904358815,2.6659773524173995,0.003,0.01355284994644386
F10,N2,CONF_START,10000,50,0.0,0.02,400,0.0005999400059904879,0.024437937937937936,0.004437937937937935,0.22189689689689676,0.0112009347612546,0.4621871871871872,0.6275,0.0,0.2825,0.0004968968968968968,-0.00010304310909359108,50.5757035947023,198.208230472778,0.0198208230472778,5.999400059904879,0.11891304697720245,0.0014,0.00994413916560959
F10,N2,CONF_START,10000,50,0.0,0.1,400,0.002270522947658475,0.10318013013013011,0.0031801301301301044,0.031801301301301044,0.02247357223746294,0.17537487487487485,0.525,0.0,0.2675,0.002184984984984985,-8.553796267349008e-05,52.8789797706412,194.8066368756489,0.01948066368756489,22.70522947658475,0.44231293938233257,0.003,0.021494105703913993
F10,N2,CONF_START,20000,4,0.0,0.02,400,0.005139118044091094,0.020086486486486487,8.648648648648671e-05,0.004324324324324336,0.0022069439357348744,0.08675175175175175,0.4975,0.0,0.3925,0.0050777777777777765,-6.134026631331776e-05,4.057223690028993,4936.250376009145,0.24681251880045724,102.78236088182189,25.367973377500046,0.0009899494936611666,0.0019926427608452993
F10,N2,CONF_START,20000,4,0.0,0.1,400,0.028145967701568044,0.10005225225225224,5.225225225223562e-05,0.0005225225225223562,0.005192661576602591,0.042104104104104104,0.505,0.0,0.01,0.028067917917917917,-7.80497836501276e-05,4.4443267529456065,4730.355675011985,0.23651778375059926,562.9193540313609,133.14043804581644,0.0021213203435596424,0.004361886457596643
F10,N2,CONF_START,20000,20,0.0,0.02,400,0.0011029448527431793,0.020519469469469465,0.0005194694694694649,0.025973473473473244,0.0050420328098233465,0.20120870870870872,0.5175,0.0,0.355,0.0010376876876876876,-6.525716505549162e-05,20.194172434567566,984.1788922550576,0.04920894461275288,22.058897054863586,1.0854950433911998,0.0009899494936611666,0.004462631354296296
F10,N2,CONF_START,20000,20,0.0,0.1,400,0.005357232138348436,0.10023953953953953,0.00023953953953952112,0.002395395395395211,0.010515055164912376,0.08235435435435434,0.505,0.0,0.26,0.005293493493493494,-6.373864485494183e-05,21.141341176003102,987.0202915823637,0.04935101457911818,107.14464276696872,5.287696827267083,0.0021213203435596424,0.009549007053403637
F10,N2,CONF_START,20000,50,0.0,0.02,400,0.0005002249887493264,0.02152792792792793,0.0015279279279279308,0.07639639639639653,0.008052126022508686,0.3270620620620621,0.57,0.0,0.3275,0.0004361861861861862,-6.403880256314023e-05,50.49802688903989,396.6809432895129,0.019834047164475645,10.004499774986527,0.19842972039406878,0.0009899494936611666,0.007029223738581772
F10,N2,CONF_START,20000,50,0.0,0.1,400,0.0021930153491782818,0.10140520520520521,0.0014052052052052066,0.014052052052052066,0.017347769586752722,0.13953053053053052,0.4925,0.0,0.3275,0.0021444444444444445,-4.857090473383728e-05,52.81845421177995,394.7159473122998,0.019735797365614993,43.860306983565636,0.8656181310213195,0.0021213203435596424,0.015100068525384073
F10,N2,CONF_START,50000,4,0.0,0.02,400,0.0050899482010293515,0.020092942942942945,9.294294294294458e-05,0.004647147147147229,0.0016795789332175468,0.06637387387387388,0.49,0.0,0.425,0.0050785785785785785,-1.1369622450773005e-05,4.05741808112152,12368.377209757544,0.2473675441951509,254.49741005146757,62.95439932845784,0.0006260990336999411,0.0012588433057255804
F10,N2,CONF_START,50000,4,0.0,0.1,400,0.028091938161189278,0.10008873873873875,8.873873873874172e-05,0.0008873873873874172,0.0037893495912673125,0.030465965965965965,0.49,0.0,0.0,0.028081131131131132,-1.080703005814504e-05,4.445371289099166,11907.261163340085,0.2381452232668017,1404.5969080594639,334.49804426968035,0.001341640786499874,0.002749256845760479
F10,N2,CONF_START,50000,20,0.0,0.02,400,0.0010456290874158694,0.019904654654654654,-9.534534534534622e-05,-0.004767267267267311,0.0038096703979065977,0.14995245245245245,0.475,0.0,0.37,0.0010067067067067068,-3.892238070916259e-05,20.197552077622785,2460.4801809841533,0.049209603619683066,52.28145437079347,2.5727496462472934,0.0006260990336999411,0.0028223969887233294
F10,N2,CONF_START,50000,20,0.0,0.1,400,0.005317043659080531,0.10052607607607608,0.0005260760760760763,0.005260760760760763,0.007906658070933952,0.061920420420420424,0.5125,0.0,0.235,0.005308958958958959,-8.084700121572044e-06,21.14151667950526,2492.849694755118,0.04985699389510236,265.85218295402655,13.254590662538538,0.001341640786499874,0.006008598815944085
F10,N2,CONF_START,50000,50,0.0,0.02,400,0.00044124117516290825,0.020152252252252253,0.00015225225225225236,0.007612612612612618,0.006198909442753142,0.2474924924924925,0.5075,0.0,0.38,0.00040825825825825825,-3.298291690465e-05,50.48266008592771,979.7104859901867,0.019594209719803735,22.06205875814541,0.43228860615773396,0.0006260990336999411,0.004472796686099677
F10,N2,CONF_START,50000,50,0.0,0.1,400,0.002145857082804622,0.10042737737737738,0.000427377377377372,0.00427377377377372,0.013110499195962409,0.10593343343343345,0.4925,0.0,0.3075,0.0021200200200200197,-2.583706278460208e-05,52.739568734995444,994.0066950233776,0.019880133900467552,107.29285414023109,2.1329963068711284,0.001341640786499874,0.009515390150336572
F10,N1,CONF_START,250,4,0.0,0.02,400,0.012031872509955473,0.030755955955955958,0.010755955955955958,0.5377977977977979,0.022451038081225064,0.86492992992993,0.5975,0.0,0.1825,0.007827077077077077,-0.004204795432878395,4.079336549445927,63.0523888930421,0.2522095555721684,3.0079681274888683,0.758638304609215,0.008854377448471461,0.01763101288880832
F10,N1,CONF_START,250,4,0.0,0.1,400,0.03277888446211543,0.10804104104104102,0.008041041041041017,0.08041041041041017,0.03997796939231246,0.3157167167167167,0.5375,0.0,0.255,0.02836111111111111,-0.004417773351004319,4.302065850641696,60.22903329966244,0.24091613319864977,8.194721115528857,1.974240523794538,0.018973665961010275,0.0386561242387979
F10,N1,CONF_START,250,20,0.0,0.02,400,0.008047808764937872,0.07332097097097097,0.053320970970970966,2.6660485485485483,0.07024105474685843,2.9212437437437435,0.7725,0.0,0.0975,0.003948298298298299,-0.004099510466639573,20.89387874249546,247.69419467159656,0.9907767786863863,2.011952191234468,1.9933955109023023,0.008854377448471461,0.008895495036961572
F10,N1,CONF_START,250,20,0.0,0.1,400,0.012350597609508634,0.14568453453453453,0.04568453453453453,0.45684534534534527,0.09900979226262704,0.7851736736736737,0.6025,0.0,0.145,0.008185985985985987,-0.004164611623522647,21.91357049400973,13.687119837749599,0.05474847935099839,3.0876494023771586,0.1690441095491684,0.018973665961010275,0.08108961152385634
F10,N1,CONF_START,250,50,0.0,0.02,400,0.008047808764937872,0.16451236236236233,0.14451236236236234,7.225618118118117,0.14308407655844507,7.340763263263263,0.8925,0.0,0.0825,0.003948298298298299,-0.004099510466639573,55.87127116531441,247.69419467159656,0.9907767786863863,2.011952191234468,1.9933955109023023,0.008854377448471461,0.008895495036961572
F10,N1,CONF_START,250,50,0.0,0.1,400,0.008466135458135843,0.17745550550550548,0.07745550550550548,0.7745550550550547,0.154321118564657,1.1894909909909908,0.6025,0.0,0.0725,0.0043496996996996995,-0.004116435758436144,56.56863281082556,227.1806995787646,0.9087227983150584,2.116533864533961,1.9233425761078855,0.018973665961010275,0.019903778887665993
F10,N1,CONF_START,500,4,0.0,0.02,400,0.008053892215563352,0.02302167167167167,0.0030216716716716698,0.15108358358358348,0.013702197675580431,0.5122247247247247,0.505,0.0,0.2125,0.005821671671671672,-0.00223222054389168,4.057313010044696,124.76989957773264,0.24953979915546529,4.026946107781676,1.0048833229457221,0.006260990336999411,0.012533521862402117
F10,N1,CONF_START,500,4,0.0,0.1,400,0.029296407185584728,0.1035529029029029,0.003552902902902888,0.03552902902902888,0.02844163451037356,0.2270115115115115,0.525,0.0,0.29,0.02705285285285285,-0.0022435543327318785,4.287591381006352,120.42094419501167,0.24084188839002335,14.648203592792363,3.5279010148096375,0.01341640786499874,0.02733822041347423
F10,N1,CONF_START,500,20,0.0,0.02,400,0.004046906187622886,0.03696371371371371,0.016963713713713708,0.8481856856856854,0.03642461280674674,1.2645120120120121,0.595,0.0,0.1025,0.0019155655655655654,-0.002131340622057321,20.27512922632172,489.8584436619692,0.9797168873239384,2.023453093811443,1.9824111667149402,0.006260990336999411,0.006325469070251177
F10,N1,CONF_START,500,20,0.0,0.1,400,0.008328343313290012,0.11178378378378379,0.01178378378378378,0.1178378378378378,0.06117291406308996,0.4737877877877878,0.4925,0.0,0.175,0.00601981981981982,-0.0023085234934701925,21.326454906969246,25.12040888338247,0.05024081776676494,4.164171656645006,0.20921138935102943,0.01341640786499874,0.05985602919263366
F10,N1,CONF_START,500,50,0.0,0.02,400,0.004046906187622886,0.08752147147147149,0.06752147147147149,3.3760735735735743,0.08144371808170525,3.5595120120120116,0.8275,0.0,0.0925,0.0019155655655655654,-0.002131340622057321,52.25096558605239,489.8584436619692,0.9797168873239384,2.023453093811443,1.9824111667149402,0.006260990336999411,0.006325469070251177
F10,N1,CONF_START,500,50,0.0,0.1,400,0.0060079840319065304,0.16351191191191192,0.06351191191191191,0.6351191191191191,0.1107473546445536,0.8840600600600601,0.6725,0.0,0.12,0.003754954954954955,-0.0022530290769515755,55.27270311450798,13.543757965099003,0.027087515930198005,3.003992015953265,0.08137068158632169,0.01341640786499874,0.08151765213877782
F10,N1,CONF_START,1000,4,0.0,0.02,400,0.00699300699299582,0.024215715715715715,0.004215715715715714,0.21078578578578572,0.009848705626722,0.40186686686686685,0.6325,0.0,0.315,0.006118668668668669,-0.0008743383243271508,4.062383264823015,246.91242956418475,0.24691242956418474,6.99300699299582,1.7266603465999317,0.004427188724235731,0.008909566203444687
F10,N1,CONF_START,1000,4,0.0,0.1,400,0.027632367632308263,0.10181246246246246,0.001812462462462458,0.01812462462462458,0.019222641080956247,0.153497997997998,0.535,0.0,0.325,0.026530280280280278,-0.0011020873520279847,4.280224171097814,243.57351994872167,0.24357351994872167,27.632367632308263,6.730513048718447,0.009486832980505138,0.019222338402300542
F10,N1,CONF_START,1000,20,0.0,0.02,400,0.002997002996999272,0.0391974974974975,0.0191974974974975,0.9598748748748749,0.02604431819539317,1.1632382382382382,0.745,0.0,0.185,0.0020119619619619624,-0.0009850410350373097,20.426774371501605,52.48348586126687,0.052483485861266874,2.997002996999272,0.15729316441918573,0.004427188724235731,0.01932487526893272
F10,N1,CONF_START,1000,20,0.0,0.1,400,0.007055444555402435,0.11547302302302301,0.015473023023023003,0.15473023023023003,0.04418876483015747,0.3601746746746746,0.6025,0.0,0.2575,0.006174074074074074,-0.0008813704813283611,21.382349239603855,48.790827522444886,0.04879082752244489,7.055444555402435,0.34424097839681306,0.009486832980505138,0.04294891161494603
F10,N1,CONF_START,1000,50,0.0,0.02,400,0.002022977022966689,0.04878803803803804,0.028788038038038036,1.4394019019019018,0.048067706926880796,1.8139064064064063,0.655,0.0,0.13,0.0010236736736736736,-0.0009993033492930153,50.547699392415204,978.0810276528562,0.9780810276528562,2.022977022966689,1.9786354455413746,0.004427188724235731,0.004476520918891738
F10,N1,CONF_START,1000,50,0.0,0.1,400,0.004018481518415371,0.13630185185185184,0.036301851851851835,0.36301851851851835,0.06876650267779834,0.5799814814814814,0.6475,0.0,0.1525,0.0029849349349349353,-0.001033546583480436,53.98230696462149,20.717698183063675,0.020717698183063675,4.0184815184153715,0.08325368725274909,0.009486832980505138,0.06590987739149683
F10,N1,CONF_START,2000,4,0.0,0.02,400,0.005999500249861004,0.021964764764764767,0.001964764764764766,0.09823823823823831,0.006650558742174173,0.2748048048048048,0.615,0.0,0.3575,0.005541641641641642,-0.00045785860821936225,4.056306377953514,484.4441700301341,0.24222208501506706,11.999000499722008,2.906422919139496,0.0031304951684997056,0.006360718396081196
F10,N1,CONF_START,2000,4,0.0,0.1,400,0.02680034982503402,0.10141991991991993,0.0014199199199199236,0.014199199199199236,0.01287678739967468,0.10407407407407407,0.53,0.0,0.3225,0.026401301301301302,-0.00039904852373271946,4.278608387575923,487.8350004983175,0.24391750024915876,53.600699650068044,13.074148670250556,0.00670820393249937,0.013582658342166078
F10,N1,CONF_START,2000,20,0.0,0.02,400,0.0019990004997365966,0.030134984984984986,0.010134984984984986,0.5067492492492492,0.017193968562213453,0.7274399399399398,0.72,0.0,0.225,0.0015342342342342342,-0.0004647662655023624,20.321781968576392,99.3910022891108,0.0496955011445554,3.9980009994731933,0.19868266324525372,0.0031304951684997056,0.01404282554427303
F10,N1,CONF_START,2000,20,0.0,0.1,400,0.006131934032962955,0.10685175175175175,0.006851751751751747,0.06851751751751747,0.030934713363021185,0.25330030030030026,0.58,0.0,0.285,0.005661061061061061,-0.0004708729719018938,21.242674675851102,96.94443428365838,0.04847221714182919,12.263868065925909,0.5944568758903055,0.00670820393249937,0.03046911320468899
F10,N1,CONF_START,2000,50,0.0,0.02,400,0.0010094952523692139,0.026362162162162157,0.006362162162162156,0.3181081081081078,0.02682346842282019,0.9322772772772773,0.4675,0.0,0.1575,0.0005415915915915916,-0.00046790366077762227,48.60836828848144,1961.7134981320557,0.9808567490660278,2.0189905047384276,1.9803404628729129,0.0031304951684997056,0.003160896280924461
F10,N1,CONF_START,2000,50,0.0,0.1,400,0.0030284857570812896,0.118893993993994,0.018893993993993996,0.18893993993993996,0.04663571132898068,0.37740240240240236,0.625,0.0,0.2175,0.002553203203203203,-0.00047528255387808667,53.36620508726911,39.52468977936381,0.019762344889681906,6.056971514162579,0.11969996004985972,0.00670820393249937,0.047718525964079786
F10,N1,CONF_START,5000,4,0.0,0.02,400,0.0054084183163224985,0.020693843843843842,0.0006938438438438416,0.03469219219219208,0.004195384385206035,0.16948198198198197,0.55,0.0,0.3975,0.005214514514514514,-0.0001939038018079842,4.052046022965626,1222.2786920078072,0.24445573840156143,27.042091581612492,6.610594465505731,0.001979898987322333,0.004004450367987125
F10,N1,CONF_START,5000,4,0.0,0.1,400,0.026335732853389436,0.10062962962962964,0.0006296296296296328,0.006296296296296328,0.009417709098461778,0.07578078078078077,0.5,0.0,0.2875,0.02617717717717718,-0.00015855567621225752,4.275721767995642,1236.6748908710258,0.24733497817420516,131.67866426694718,32.56873955247387,0.004242640687119285,0.008530873128969286
F10,N1,CONF_START,5000,20,0.0,0.02,400,0.0014002199560069167,0.023745245245245242,0.003745245245245242,0.18726226226226209,0.01060110385970439,0.4207907907907908,0.5825,0.0,0.3075,0.0012032532532532533,-0.00019696670275366345,20.257337820396838,248.92363458214749,0.049784726916429496,7.0010997800345836,0.3485478406636964,0.001979898987322333,0.008873500311604311
F10,N1,CONF_START,5000,20,0.0,0.1,400,0.0055883823234840445,0.10268058058058058,0.0026805805805805716,0.026805805805805716,0.020375267842338975,0.16355155155155154,0.5425,0.0,0.315,0.0054112612612612606,-0.00017712106222278392,21.196290141828005,244.03457671506038,0.048806915343012076,27.94191161742022,1.3637585148333544,0.004242640687119285,0.01920417134723317
F10,N1,CONF_START,5000,50,0.0,0.02,400,0.0007998400319836602,0.029583033033033033,0.009583033033033032,0.47915165165165163,0.01819405306231717,0.7276901901901902,0.705,0.0,0.2225,0.0006032532532532532,-0.00019658677873040699,50.41339775166608,100.8215281128826,0.020164305622576522,3.999200159918301,0.08064109427044952,0.001979898987322333,0.013942844950592427
F10,N1,CONF_START,5000,50,0.0,0.1,400,0.0024395120975745006,0.10640690690690692,0.0064069069069069146,0.06406906906906915,0.03286833286555786,0.2581301301301301,0.4975,0.0,0.2775,0.0022573073073073073,-0.0001822047902671933,52.93430167353643,97.7796851593626,0.01955593703187252,12.197560487872503,0.2385347248432909,0.004242640687119285,0.030338697899071315
F10,N1,CONF_START,10000,4,0.0,0.02,400,0.005215478452154088,0.020464764764764762,0.0004647647647647614,0.02323823823823807,0.002890253701415956,0.11693693693693692,0.5475,0.0,0.4325,0.005155205205205206,-6.0273246948882794e-05,4.050822238385766,2470.1405677769376,0.24701405677769375,52.15478452154088,12.882964905032283,0.0014,0.002816872575036736
F10,N1,CONF_START,10000,4,0.0,0.1,400,0.02616063393656457,0.10044704704704704,0.0004470470470470389,0.004470470470470389,0.006369886074921642,0.05041441441441441,0.5175,0.0,0.2475,0.02612267267267267,-3.796126389190094e-05,4.275504289109282,2491.8981163586836,0.24918981163586837,261.60633936564574,65.1896344292743,0.003,0.006009745954955168
F10,N1,CONF_START,10000,20,0.0,0.02,400,0.0012006299370047782,0.021736436436436433,0.001736436436436433,0.08682182182182165,0.006856960002236204,0.2713213213213213,0.58,0.0,0.3425,0.001098948948948949,-0.00010168098805582925,20.237523625202034,488.1767061969412,0.04881767061969412,12.006299370047781,0.5861195680084337,0.0014,0.006336355120645389
F10,N1,CONF_START,10000,20,0.0,0.1,400,0.005406709329015835,0.10177402402402402,0.001774024024024018,0.01774024024024018,0.013913639712543958,0.11429579579579578,0.5375,0.0,0.33,0.005354404404404405,-5.230492461143037e-05,21.176059728559284,493.82031669834396,0.049382031669834396,54.067093290158354,2.6699429131504906,0.003,0.013500093547101842
F10,N1,CONF_START,10000,50,0.0,0.02,400,0.0006001899809929831,0.023636836836836837,0.003636836836836837,0.18184184184184185,0.01132914918601134,0.4491791791791791,0.5975,0.0,0.2525,0.00047947947947947944,-0.00012071050151350369,50.616556469793586,198.043518066174,0.0198043518066174,6.0018998099298315,0.11886373534392047,0.0014,0.009948273566691621
F10,N1,CONF_START,10000,50,0.0,0.1,400,0.0022720227976723638,0.10361901901901902,0.0036190190190190097,0.0361901901901901,0.023029900288340507,0.1831941941941942,0.545,0.0,0.31,0.002186686686686687,-8.53361109856769e-05,52.84988785079935,194.58465435886328,0.019458465435886328,22.72022797672364,0.44210077078053445,0.003,0.02150636246611919
F10,N1,CONF_START,20000,4,0.0,0.02,400,0.005124243787805012,0.01997882882882883,-2.117117117117137e-05,-0.0010585585585585686,0.0022625616696737693,0.08922672672672674,0.5175,0.0,0.4175,0.0050322822822822825,-9.196150552272936e-05,4.050330118639364,4956.327797152797,0.24781638985763985,102.48487575610024,25.397431924885517,0.0009899494936611666,0.001988602700573938
F10,N1,CONF_START,20000,4,0.0,0.1,400,0.026070696465134147,0.10003703703703704,3.7037037037029874e-05,0.00037037037037029874,0.004658187529689882,0.037284284284284284,0.5025,0.0,0.175,0.02601076076076076,-5.993570437338655e-05,4.2740075296784426,5005.008795280617,0.25025043976403083,521.413929302683,130.4840651070877,0.0021213203435596424,0.004240517230514981
F10,N1,CONF_START,20000,20,0.0,0.02,400,0.0011016949152397957,0.020787687687687687,0.0007876876876876868,0.03938438438438434,0.005364840593019943,0.21748748748748745,0.53,0.0,0.395,0.0010501501501501503,-5.154476508964544e-05,20.22815745221401,974.6476171674661,0.04873238085837331,22.033898304795915,1.0737643239839805,0.0009899494936611666,0.004484398751640229
F10,N1,CONF_START,20000,20,0.0,0.1,400,0.0053256087195180405,0.09955805805805806,-0.00044194194194194236,-0.004419419419419424,0.010685995232828512,0.08393393393393393,0.48,0.0,0.2575,0.0052313813813813816,-9.422733813665898e-05,21.149467607921757,994.6973139320844,0.04973486569660422,106.51217439036081,5.297368688357882,0.0021213203435596424,0.009512086306385186
F10,N1,CONF_START,20000,50,0.0,0.02,400,0.0005000999949990243,0.022208408408408414,0.0022084084084084132,0.11042042042042066,0.008720389834970229,0.35035535535535534,0.5675,0.0,0.3525,0.00044969969969969973,-5.0400295299324576e-05,50.5751177027744,391.8998461932717,0.019594992309663585,10.001999899980486,0.19598911112137357,0.0009899494936611666,0.007071971294126527
F10,N1,CONF_START,20000,50,0.0,0.1,400,0.002177516124136604,0.10046941941941942,0.00046941941941941456,0.004694194194194146,0.016864456161302957,0.13548898898898898,0.5025,0.0,0.3025,0.002115215215215215,-6.230090892138905e-05,52.74288439663766,396.50140793268946,0.019825070396634472,43.550322482732085,0.8633882090162965,0.0021213203435596424,0.015066032079575905
F10,N1,CONF_START,50000,4,0.0,0.02,400,0.0050706985860196315,0.01991316316316316,-8.683683683683927e-05,-0.004341841841841963,0.0017900787518821783,0.07061311311311311,0.4625,0.0,0.385,0.005015815815815816,-5.488277020381568e-05,4.050395201331358,12450.06810012546,0.2490013620025092,253.5349293009816,63.13054271115429,0.0006260990336999411,0.001254706570306504
F10,N1,CONF_START,50000,4,0.0,0.1,400,0.02602017959635812,0.09994364364364364,-5.635635635636849e-05,-0.0005635635635636849,0.003873526462400135,0.031172172172172174,0.4825,0.0,0.1375,0.02598273273273273,-3.744686362538996e-05,4.273860361102845,12580.248639841442,0.25160497279682886,1301.008979817906,327.3403289755143,0.001341640786499874,0.0026747096363034157
F10,N1,CONF_START,50000,20,0.0,0.02,400,0.0010428291434152023,0.0205013013013013,0.000501301301301299,0.02506506506506495,0.0038856550575640534,0.15143643643643645,0.5175,0.0,0.425,0.001035035035035035,-7.79410838016724e-06,20.230172408536436,2475.4100351999623,0.04950820070399924,52.14145717076012,2.5814297266089725,0.0006260990336999411,0.00281387280411677
F10,N1,CONF_START,50000,20,0.0,0.1,400,0.005280494390070239,0.09954629629629629,-0.00045370370370372004,-0.0045370370370372,0.008519532798239157,0.06728078078078079,0.465,0.0,0.225,0.00523063063063063,-4.986375943960911e-05,21.148937648625587,2493.203520012736,0.04986407040025472,264.02471950351196,13.165347200730627,0.001341640786499874,0.006008172442918306
F10,N1,CONF_START,50000,50,0.0,0.02,400,0.00044094118116283677,0.020557807807807808,0.0005578078078078072,0.02789039039039036,0.0064642037026364715,0.24772022022022025,0.5175,0.0,0.3875,0.0004154154154154154,-2.5525765747421347e-05,50.5117430788487,985.1253426014088,0.019702506852028175,22.047059058141837,0.4343823321601094,0.0006260990336999411,0.004460487122615078
F10,N1,CONF_START,50000,50,0.0,0.1,400,0.0021315573688035798,0.10051461461461461,0.0005146146146146058,0.005146146146146058,0.013044845286778628,0.10375475475475475,0.48,0.0,0.305,0.0021152152152152156,-1.6342153588364168e-05,52.727017813808764,991.5465236051017,0.019830930472102035,106.57786844017899,2.1135382989020273,0.001341640786499874,0.009527187372010523
