exp,regime,scheduler,sigma_d_over_sqrtS,blind,budget,W,psi,tr_D,excess_mse,realized_rate,power_acf1,far_nominal
F1,N1,DITHER,0.0,False,0.02,500,0.14315692111491407,0.050735069523892215,0.05079180762396916,0.019925525525525525,0.014214214214214213,0.01
F1,N1,DITHER,0.0,False,0.02,2000,0.14315692111491407,0.050735069523892215,0.05079180762396916,0.019925525525525525,0.011217948717948718,0.01
F1,N1,DITHER,0.0,False,0.02,5000,0.14315692111491407,0.050735069523892215,0.05079180762396916,0.019925525525525525,0.018036072144288578,0.01
F1,N1,DITHER,0.0,False,0.02,20000,0.14315692111491407,0.050735069523892215,0.05079180762396916,0.019925525525525525,0.0,0.01
F1,N1,DITHER,0.0,False,0.05,500,0.27920236597049874,0.09905593717856327,0.09896543875383797,0.05015735735735736,0.00880880880880881,0.01
F1,N1,DITHER,0.0,False,0.05,2000,0.27920236597049874,0.09905593717856327,0.09896543875383797,0.05015735735735736,0.016025641025641024,0.01
F1,N1,DITHER,0.0,False,0.05,5000,0.27920236597049874,0.09905593717856327,0.09896543875383797,0.05015735735735736,0.01002004008016032,0.01
F1,N1,DITHER,0.0,False,0.05,20000,0.27920236597049874,0.09905593717856327,0.09896543875383797,0.05015735735735736,0.024193548387096774,0.01
F1,N1,DITHER,0.0,False,0.1,500,0.43882496189025616,0.1557508370552302,0.15576349973387763,0.10002482482482483,0.007807807807807808,0.01
F1,N1,DITHER,0.0,False,0.1,2000,0.43882496189025616,0.1557508370552302,0.15576349973387763,0.10002482482482483,0.013621794871794872,0.01
F1,N1,DITHER,0.0,False,0.1,5000,0.43882496189025616,0.1557508370552302,0.15576349973387763,0.10002482482482483,0.01603206412825651,0.01
F1,N1,DITHER,0.0,False,0.1,20000,0.43882496189025616,0.1557508370552302,0.15576349973387763,0.10002482482482483,0.024193548387096774,0.01
F1,N1,DITHER,0.0,False,0.2,500,0.649115994594289,0.23044671745092482,0.2304812023036272,0.1999027027027027,0.01021021021021021,0.01
F1,N1,DITHER,0.0,False,0.2,2000,0.649115994594289,0.23044671745092482,0.2304812023036272,0.1999027027027027,0.008012820512820512,0.01
F1,N1,DITHER,0.0,False,0.2,5000,0.649115994594289,0.23044671745092482,0.2304812023036272,0.1999027027027027,0.008016032064128256,0.01
F1,N1,DITHER,0.0,False,0.2,20000,0.649115994594289,0.23044671745092482,0.2304812023036272,0.1999027027027027,0.016129032258064516,0.01
F1,N1,DITHER,0.0,False,0.3,500,0.7829769040081347,0.2776185512314613,0.2775577905982609,0.3001353353353353,0.011411411411411412,0.01
F1,N1,DITHER,0.0,False,0.3,2000,0.7829769040081347,0.2776185512314613,0.2775577905982609,0.3001353353353353,0.010416666666666666,0.01
F1,N1,DITHER,0.0,False,0.3,5000,0.7829769040081347,0.2776185512314613,0.2775577905982609,0.3001353353353353,0.02004008016032064,0.01
F1,N1,DITHER,0.0,False,0.3,20000,0.7829769040081347,0.2776185512314613,0.2775577905982609,0.3001353353353353,0.008064516129032258,0.01
F1,N1,DITHER,0.0,False,0.5,500,0.9285522987180768,0.330003766751386,0.3300063914283877,0.5001297297297297,0.013013013013013013,0.01
F1,N1,DITHER,0.0,False,0.5,2000,0.9285522987180768,0.330003766751386,0.3300063914283877,0.5001297297297297,0.009615384615384616,0.01
F1,N1,DITHER,0.0,False,0.5,5000,0.9285522987180768,0.330003766751386,0.3300063914283877,0.5001297297297297,0.012024048096192385,0.01
F1,N1,DITHER,0.0,False,0.5,20000,0.9285522987180768,0.330003766751386,0.3300063914283877,0.5001297297297297,0.008064516129032258,0.01
F1,N1,DITHER,0.25,False,0.02,500,0.08779668972870792,0.031232277324159497,0.03127283725247812,0.020071671671671672,0.00940940940940941,0.01
F1,N1,DITHER,0.25,False,0.02,2000,0.08779668972870792,0.031232277324159497,0.03127283725247812,0.020071671671671672,0.010416666666666666,0.01
F1,N1,DITHER,0.25,False,0.02,5000,0.08779668972870792,0.031232277324159497,0.03127283725247812,0.020071671671671672,0.012024048096192385,0.01
F1,N1,DITHER,0.25,False,0.02,20000,0.08779668972870792,0.031232277324159497,0.03127283725247812,0.020071671671671672,0.0,0.01
F1,N1,DITHER,0.25,False,0.05,500,0.17692404622492258,0.06301010577787855,0.06298722712526804,0.05036516516516516,0.008608608608608608,0.01
F1,N1,DITHER,0.25,False,0.05,2000,0.17692404622492258,0.06301010577787855,0.06298722712526804,0.05036516516516516,0.010416666666666666,0.01
F1,N1,DITHER,0.25,False,0.05,5000,0.17692404622492258,0.06301010577787855,0.06298722712526804,0.05036516516516516,0.004008016032064128,0.01
F1,N1,DITHER,0.25,False,0.05,20000,0.17692404622492258,0.06301010577787855,0.06298722712526804,0.05036516516516516,0.008064516129032258,0.01
F1,N1,DITHER,0.25,False,0.1,500,0.2862162534846655,0.10214902080112813,0.10208053877625796,0.09921761761761765,0.011011011011011011,0.01
F1,N1,DITHER,0.25,False,0.1,2000,0.2862162534846655,0.10214902080112813,0.10208053877625796,0.09921761761761765,0.007211538461538462,0.01
F1,N1,DITHER,0.25,False,0.1,5000,0.2862162534846655,0.10214902080112813,0.10208053877625796,0.09921761761761765,0.01002004008016032,0.01
F1,N1,DITHER,0.25,False,0.1,20000,0.2862162534846655,0.10214902080112813,0.10208053877625796,0.09921761761761765,0.016129032258064516,0.01
F1,N1,DITHER,0.25,False,0.2,500,0.45336326630842655,0.16094409417613892,0.16083797479493497,0.19901821821821822,0.00880880880880881,0.01
F1,N1,DITHER,0.25,False,0.2,2000,0.45336326630842655,0.16094409417613892,0.16083797479493497,0.19901821821821822,0.01282051282051282,0.01
F1,N1,DITHER,0.25,False,0.2,5000,0.45336326630842655,0.16094409417613892,0.16083797479493497,0.19901821821821822,0.02004008016032064,0.01
F1,N1,DITHER,0.25,False,0.2,20000,0.45336326630842655,0.16094409417613892,0.16083797479493497,0.19901821821821822,0.008064516129032258,0.01
F1,N1,DITHER,0.25,False,0.3,500,0.5784438198571077,0.20658313335144407,0.20653336755765062,0.2982838838838839,0.010810810810810811,0.01
F1,N1,DITHER,0.25,False,0.3,2000,0.5784438198571077,0.20658313335144407,0.20653336755765062,0.2982838838838839,0.016025641025641024,0.01
F1,N1,DITHER,0.25,False,0.3,5000,0.5784438198571077,0.20658313335144407,0.20653336755765062,0.2982838838838839,0.018036072144288578,0.01
F1,N1,DITHER,0.25,False,0.3,20000,0.5784438198571077,0.20658313335144407,0.20653336755765062,0.2982838838838839,0.016129032258064516,0.01
F1,N1,DITHER,0.25,False,0.5,500,0.7637825115993857,0.27193355472703556,0.2718636624012022,0.4984056056056056,0.00940940940940941,0.01
F1,N1,DITHER,0.25,False,0.5,2000,0.7637825115993857,0.27193355472703556,0.2718636624012022,0.4984056056056056,0.007211538461538462,0.01
F1,N1,DITHER,0.25,False,0.5,5000,0.7637825115993857,0.27193355472703556,0.2718636624012022,0.4984056056056056,0.014028056112224449,0.01
F1,N1,DITHER,0.25,False,0.5,20000,0.7637825115993857,0.27193355472703556,0.2718636624012022,0.4984056056056056,0.008064516129032258,0.01
F1,N1,DITHER,0.5,False,0.02,500,0.0512842925013721,0.01817821399513617,0.018164325184941647,0.019945945945945943,0.011611611611611611,0.01
F1,N1,DITHER,0.5,False,0.02,2000,0.0512842925013721,0.01817821399513617,0.018164325184941647,0.019945945945945943,0.009615384615384616,0.01
F1,N1,DITHER,0.5,False,0.02,5000,0.0512842925013721,0.01817821399513617,0.018164325184941647,0.019945945945945943,0.01603206412825651,0.01
F1,N1,DITHER,0.5,False,0.02,20000,0.0512842925013721,0.01817821399513617,0.018164325184941647,0.019945945945945943,0.0,0.01
F1,N1,DITHER,0.5,False,0.05,500,0.10993542160950023,0.039036272477193816,0.038996445718119686,0.04957117117117117,0.010810810810810811,0.01
F1,N1,DITHER,0.5,False,0.05,2000,0.10993542160950023,0.039036272477193816,0.038996445718119686,0.04957117117117117,0.008814102564102564,0.01
F1,N1,DITHER,0.5,False,0.05,5000,0.10993542160950023,0.039036272477193816,0.038996445718119686,0.04957117117117117,0.008016032064128256,0.01
F1,N1,DITHER,0.5,False,0.05,20000,0.10993542160950023,0.039036272477193816,0.038996445718119686,0.04957117117117117,0.0,0.01
F1,N1,DITHER,0.5,False,0.1,500,0.19514086734576808,0.06963050832169991,0.06955993450526442,0.10004164164164164,0.012612612612612612,0.01
F1,N1,DITHER,0.5,False,0.1,2000,0.19514086734576808,0.06963050832169991,0.06955993450526442,0.10004164164164164,0.008814102564102564,0.01
F1,N1,DITHER,0.5,False,0.1,5000,0.19514086734576808,0.06963050832169991,0.06955993450526442,0.10004164164164164,0.006012024048096192,0.01
F1,N1,DITHER,0.5,False,0.1,20000,0.19514086734576808,0.06963050832169991,0.06955993450526442,0.10004164164164164,0.0,0.01
F1,N1,DITHER,0.5,False,0.2,500,0.33488017711739004,0.11914766303798201,0.11909092078726304,0.19894294294294293,0.010810810810810811,0.01
F1,N1,DITHER,0.5,False,0.2,2000,0.33488017711739004,0.11914766303798201,0.11909092078726304,0.19894294294294293,0.010416666666666666,0.01
F1,N1,DITHER,0.5,False,0.2,5000,0.33488017711739004,0.11914766303798201,0.11909092078726304,0.19894294294294293,0.006012024048096192,0.01
F1,N1,DITHER,0.5,False,0.2,20000,0.33488017711739004,0.11914766303798201,0.11909092078726304,0.19894294294294293,0.008064516129032258,0.01
F1,N1,DITHER,0.5,False,0.3,500,0.45510193707946167,0.1619029197219143,0.16181282175214162,0.2985069069069069,0.01041041041041041,0.01
F1,N1,DITHER,0.5,False,0.3,2000,0.45510193707946167,0.1619029197219143,0.16181282175214162,0.2985069069069069,0.014423076923076924,0.01
F1,N1,DITHER,0.5,False,0.3,5000,0.45510193707946167,0.1619029197219143,0.16181282175214162,0.2985069069069069,0.01603206412825651,0.01
F1,N1,DITHER,0.5,False,0.3,20000,0.45510193707946167,0.1619029197219143,0.16181282175214162,0.2985069069069069,0.008064516129032258,0.01
F1,N1,DITHER,0.5,False,0.5,500,0.6580067557811817,0.23471354583504017,0.23466327989849314,0.4983575575575575,0.013813813813813814,0.01
F1,N1,DITHER,0.5,False,0.5,2000,0.6580067557811817,0.23471354583504017,0.23466327989849314,0.4983575575575575,0.014423076923076924,0.01
F1,N1,DITHER,0.5,False,0.5,5000,0.6580067557811817,0.23471354583504017,0.23466327989849314,0.4983575575575575,0.022044088176352707,0.01
F1,N1,DITHER,0.5,False,0.5,20000,0.6580067557811817,0.23471354583504017,0.23466327989849314,0.4983575575575575,0.008064516129032258,0.01
F1,N1,DITHER,1.0,False,0.02,500,0.03286159651255233,0.011617911715210932,0.011621175643093971,0.019726526526526525,0.011411411411411412,0.01
F1,N1,DITHER,1.0,False,0.02,2000,0.03286159651255233,0.011617911715210932,0.011621175643093971,0.019726526526526525,0.010416666666666666,0.01
F1,N1,DITHER,1.0,False,0.02,5000,0.03286159651255233,0.011617911715210932,0.011621175643093971,0.019726526526526525,0.01603206412825651,0.01
F1,N1,DITHER,1.0,False,0.02,20000,0.03286159651255233,0.011617911715210932,0.011621175643093971,0.019726526526526525,0.0,0.01
F1,N1,DITHER,1.0,False,0.05,500,0.07653665087197908,0.027159268054718307,0.027086125760195593,0.04985905905905907,0.00980980980980981,0.01
F1,N1,DITHER,1.0,False,0.05,2000,0.07653665087197908,0.027159268054718307,0.027086125760195593,0.04985905905905907,0.011217948717948718,0.01
F1,N1,DITHER,1.0,False,0.05,5000,0.07653665087197908,0.027159268054718307,0.027086125760195593,0.04985905905905907,0.01603206412825651,0.01
F1,N1,DITHER,1.0,False,0.05,20000,0.07653665087197908,0.027159268054718307,0.027086125760195593,0.04985905905905907,0.008064516129032258,0.01
F1,N1,DITHER,1.0,False,0.1,500,0.14322887366677384,0.05096976676386165,0.05093374140500699,0.09958438438438437,0.011611611611611611,0.01
F1,N1,DITHER,1.0,False,0.1,2000,0.14322887366677384,0.05096976676386165,0.05093374140500699,0.09958438438438437,0.011217948717948718,0.01
F1,N1,DITHER,1.0,False,0.1,5000,0.14322887366677384,0.05096976676386165,0.05093374140500699,0.09958438438438437,0.006012024048096192,0.01
F1,N1,DITHER,1.0,False,0.1,20000,0.14322887366677384,0.05096976676386165,0.05093374140500699,0.09958438438438437,0.008064516129032258,0.01
F1,N1,DITHER,1.0,False,0.2,500,0.26491939658243735,0.09435030499276595,0.09428550282200293,0.1988980980980981,0.009009009009009009,0.01
F1,N1,DITHER,1.0,False,0.2,2000,0.26491939658243735,0.09435030499276595,0.09428550282200293,0.1988980980980981,0.009615384615384616,0.01
F1,N1,DITHER,1.0,False,0.2,5000,0.26491939658243735,0.09435030499276595,0.09428550282200293,0.1988980980980981,0.004008016032064128,0.01
F1,N1,DITHER,1.0,False,0.2,20000,0.26491939658243735,0.09435030499276595,0.09428550282200293,0.1988980980980981,0.016129032258064516,0.01
F1,N1,DITHER,1.0,False,0.3,500,0.37785359580552197,0.1347920841921594,0.1348447723010905,0.29883803803803805,0.00960960960960961,0.01
F1,N1,DITHER,1.0,False,0.3,2000,0.37785359580552197,0.1347920841921594,0.1348447723010905,0.29883803803803805,0.01201923076923077,0.01
F1,N1,DITHER,1.0,False,0.3,5000,0.37785359580552197,0.1347920841921594,0.1348447723010905,0.29883803803803805,0.018036072144288578,0.01
F1,N1,DITHER,1.0,False,0.3,20000,0.37785359580552197,0.1347920841921594,0.1348447723010905,0.29883803803803805,0.008064516129032258,0.01
F1,N1,DITHER,1.0,False,0.5,500,0.5839905018510368,0.20791941940454653,0.20785878317971304,0.4992316316316316,0.010810810810810811,0.01
F1,N1,DITHER,1.0,False,0.5,2000,0.5839905018510368,0.20791941940454653,0.20785878317971304,0.4992316316316316,0.016025641025641024,0.01
F1,N1,DITHER,1.0,False,0.5,5000,0.5839905018510368,0.20791941940454653,0.20785878317971304,0.4992316316316316,0.014028056112224449,0.01
F1,N1,DITHER,1.0,False,0.5,20000,0.5839905018510368,0.20791941940454653,0.20785878317971304,0.4992316316316316,0.008064516129032258,0.01
F1,N1,DITHER,2.0,False,0.02,500,0.025836493573455993,0.009145811735831734,0.009144561677839107,0.019869869869869872,0.01121121121121121,0.01
F1,N1,DITHER,2.0,False,0.02,2000,0.025836493573455993,0.009145811735831734,0.009144561677839107,0.019869869869869872,0.010416666666666666,0.01
F1,N1,DITHER,2.0,False,0.02,5000,0.025836493573455993,0.009145811735831734,0.009144561677839107,0.019869869869869872,0.018036072144288578,0.01
F1,N1,DITHER,2.0,False,0.02,20000,0.025836493573455993,0.009145811735831734,0.009144561677839107,0.019869869869869872,0.016129032258064516,0.01
F1,N1,DITHER,2.0,False,0.05,500,0.061905794561103594,0.021895813164067933,0.02180064865749441,0.04980820820820821,0.010810810810810811,0.01
F1,N1,DITHER,2.0,False,0.05,2000,0.061905794561103594,0.021895813164067933,0.02180064865749441,0.04980820820820821,0.009615384615384616,0.01
F1,N1,DITHER,2.0,False,0.05,5000,0.061905794561103594,0.021895813164067933,0.02180064865749441,0.04980820820820821,0.01603206412825651,0.01
F1,N1,DITHER,2.0,False,0.05,20000,0.061905794561103594,0.021895813164067933,0.02180064865749441,0.04980820820820821,0.0,0.01
F1,N1,DITHER,2.0,False,0.1,500,0.11982211658559809,0.04269222256101182,0.042616537682607925,0.09952072072072073,0.01021021021021021,0.01
F1,N1,DITHER,2.0,False,0.1,2000,0.11982211658559809,0.04269222256101182,0.042616537682607925,0.09952072072072073,0.010416666666666666,0.01
F1,N1,DITHER,2.0,False,0.1,5000,0.11982211658559809,0.04269222256101182,0.042616537682607925,0.09952072072072073,0.012024048096192385,0.01
F1,N1,DITHER,2.0,False,0.1,20000,0.11982211658559809,0.04269222256101182,0.042616537682607925,0.09952072072072073,0.008064516129032258,0.01
F1,N1,DITHER,2.0,False,0.2,500,0.2309524892215496,0.08211875230766846,0.08202600195391081,0.19898538538538535,0.00880880880880881,0.01
F1,N1,DITHER,2.0,False,0.2,2000,0.2309524892215496,0.08211875230766846,0.08202600195391081,0.19898538538538535,0.011217948717948718,0.01
F1,N1,DITHER,2.0,False,0.2,5000,0.2309524892215496,0.08211875230766846,0.08202600195391081,0.19898538538538535,0.004008016032064128,0.01
F1,N1,DITHER,2.0,False,0.2,20000,0.2309524892215496,0.08211875230766846,0.08202600195391081,0.19898538538538535,0.008064516129032258,0.01
F1,N1,DITHER,2.0,False,0.3,500,0.33811475686078757,0.12068904864284377,0.12070872040343122,0.298793993993994,0.009209209209209208,0.01
F1,N1,DITHER,2.0,False,0.3,2000,0.33811475686078757,0.12068904864284377,0.12070872040343122,0.298793993993994,0.008814102564102564,0.01
F1,N1,DITHER,2.0,False,0.3,5000,0.33811475686078757,0.12068904864284377,0.12070872040343122,0.298793993993994,0.01002004008016032,0.01
F1,N1,DITHER,2.0,False,0.3,20000,0.33811475686078757,0.12068904864284377,0.12070872040343122,0.298793993993994,0.008064516129032258,0.01
F1,N1,DITHER,2.0,False,0.5,500,0.5425086837887945,0.19321345512643373,0.19316017427598797,0.4993697697697697,0.01121121121121121,0.01
F1,N1,DITHER,2.0,False,0.5,2000,0.5425086837887945,0.19321345512643373,0.19316017427598797,0.4993697697697697,0.01842948717948718,0.01
F1,N1,DITHER,2.0,False,0.5,5000,0.5425086837887945,0.19321345512643373,0.19316017427598797,0.4993697697697697,0.018036072144288578,0.01
F1,N1,DITHER,2.0,False,0.5,20000,0.5425086837887945,0.19321345512643373,0.19316017427598797,0.4993697697697697,0.0,0.01
F1,N1,DITHER,4.0,False,0.02,500,0.022934967839440795,0.008113255683975461,0.008101026993655476,0.02004124124124124,0.01021021021021021,0.01
F1,N1,DITHER,4.0,False,0.02,2000,0.022934967839440795,0.008113255683975461,0.008101026993655476,0.02004124124124124,0.01282051282051282,0.01
F1,N1,DITHER,4.0,False,0.02,5000,0.022934967839440795,0.008113255683975461,0.008101026993655476,0.02004124124124124,0.012024048096192385,0.01
F1,N1,DITHER,4.0,False,0.02,20000,0.022934967839440795,0.008113255683975461,0.008101026993655476,0.02004124124124124,0.008064516129032258,0.01
F1,N1,DITHER,4.0,False,0.05,500,0.05525346907937944,0.019537855200108,0.019463397196052466,0.04972292292292292,0.01041041041041041,0.01
F1,N1,DITHER,4.0,False,0.05,2000,0.05525346907937944,0.019537855200108,0.019463397196052466,0.04972292292292292,0.009615384615384616,0.01
F1,N1,DITHER,4.0,False,0.05,5000,0.05525346907937944,0.019537855200108,0.019463397196052466,0.04972292292292292,0.012024048096192385,0.01
F1,N1,DITHER,4.0,False,0.05,20000,0.05525346907937944,0.019537855200108,0.019463397196052466,0.04972292292292292,0.0,0.01
F1,N1,DITHER,4.0,False,0.1,500,0.10906402673617731,0.038908448276094694,0.0388435194240965,0.0995059059059059,0.00980980980980981,0.01
F1,N1,DITHER,4.0,False,0.1,2000,0.10906402673617731,0.038908448276094694,0.0388435194240965,0.0995059059059059,0.009615384615384616,0.01
F1,N1,DITHER,4.0,False,0.1,5000,0.10906402673617731,0.038908448276094694,0.0388435194240965,0.0995059059059059,0.01603206412825651,0.01
F1,N1,DITHER,4.0,False,0.1,20000,0.10906402673617731,0.038908448276094694,0.0388435194240965,0.0995059059059059,0.016129032258064516,0.01
F1,N1,DITHER,4.0,False,0.2,500,0.21464867792690917,0.07617368300890966,0.07609216529597428,0.1990294294294294,0.01041041041041041,0.01
F1,N1,DITHER,4.0,False,0.2,2000,0.21464867792690917,0.07617368300890966,0.07609216529597428,0.1990294294294294,0.010416666666666666,0.01
F1,N1,DITHER,4.0,False,0.2,5000,0.21464867792690917,0.07617368300890966,0.07609216529597428,0.1990294294294294,0.01002004008016032,0.01
F1,N1,DITHER,4.0,False,0.2,20000,0.21464867792690917,0.07617368300890966,0.07609216529597428,0.1990294294294294,0.0,0.01
F1,N1,DITHER,4.0,False,0.3,500,0.31804254020866923,0.1136158774899426,0.11360122747652687,0.2985197197197197,0.01021021021021021,0.01
F1,N1,DITHER,4.0,False,0.3,2000,0.31804254020866923,0.1136158774899426,0.11360122747652687,0.2985197197197197,0.008814102564102564,0.01
F1,N1,DITHER,4.0,False,0.3,5000,0.31804254020866923,0.1136158774899426,0.11360122747652687,0.2985197197197197,0.008016032064128256,0.01
F1,N1,DITHER,4.0,False,0.3,20000,0.31804254020866923,0.1136158774899426,0.11360122747652687,0.2985197197197197,0.008064516129032258,0.01
F1,N1,DITHER,4.0,False,0.5,500,0.5211676986251774,0.18571390571673962,0.18568224245718942,0.49947987987987985,0.01041041041041041,0.01
F1,N1,DITHER,4.0,False,0.5,2000,0.5211676986251774,0.18571390571673962,0.18568224245718942,0.49947987987987985,0.014423076923076924,0.01
F1,N1,DITHER,4.0,False,0.5,5000,0.5211676986251774,0.18571390571673962,0.18568224245718942,0.49947987987987985,0.012024048096192385,0.01
F1,N1,DITHER,4.0,False,0.5,20000,0.5211676986251774,0.18571390571673962,0.18568224245718942,0.49947987987987985,0.008064516129032258,0.01
F1,N1,DITHER,-1.0,True,0.02,500,0.020056347855024935,0.007100614693241546,0.007074396216875555,0.0199967967967968,0.01021021021021021,0.01
F1,N1,DITHER,-1.0,True,0.02,2000,0.020056347855024935,0.007100614693241546,0.007074396216875555,0.0199967967967968,0.010416666666666666,0.01
F1,N1,DITHER,-1.0,True,0.02,5000,0.020056347855024935,0.007100614693241546,0.007074396216875555,0.0199967967967968,0.014028056112224449,0.01
F1,N1,DITHER,-1.0,True,0.02,20000,0.020056347855024935,0.007100614693241546,0.007074396216875555,0.0199967967967968,0.0,0.01
F1,N1,DITHER,-1.0,True,0.05,500,0.04945453697770101,0.017455926591267393,0.017391581960680202,0.049687287287287295,0.008608608608608608,0.01
F1,N1,DITHER,-1.0,True,0.05,2000,0.04945453697770101,0.017455926591267393,0.017391581960680202,0.049687287287287295,0.007211538461538462,0.01
F1,N1,DITHER,-1.0,True,0.05,5000,0.04945453697770101,0.017455926591267393,0.017391581960680202,0.049687287287287295,0.01603206412825651,0.01
F1,N1,DITHER,-1.0,True,0.05,20000,0.04945453697770101,0.017455926591267393,0.017391581960680202,0.049687287287287295,0.0,0.01
F1,N1,DITHER,-1.0,True,0.1,500,0.09929085842301838,0.03529580624133914,0.0352120447000737,0.09963843843843843,0.008608608608608608,0.01
F1,N1,DITHER,-1.0,True,0.1,2000,0.09929085842301838,0.03529580624133914,0.0352120447000737,0.09963843843843843,0.010416666666666666,0.01
F1,N1,DITHER,-1.0,True,0.1,5000,0.09929085842301838,0.03529580624133914,0.0352120447000737,0.09963843843843843,0.006012024048096192,0.01
F1,N1,DITHER,-1.0,True,0.1,20000,0.09929085842301838,0.03529580624133914,0.0352120447000737,0.09963843843843843,0.008064516129032258,0.01
F1,N1,DITHER,-1.0,True,0.2,500,0.19868482477299332,0.07059993459851327,0.07055369270557332,0.19881681681681684,0.011611611611611611,0.01
F1,N1,DITHER,-1.0,True,0.2,2000,0.19868482477299332,0.07059993459851327,0.07055369270557332,0.19881681681681684,0.01282051282051282,0.01
F1,N1,DITHER,-1.0,True,0.2,5000,0.19868482477299332,0.07059993459851327,0.07055369270557332,0.19881681681681684,0.014028056112224449,0.01
F1,N1,DITHER,-1.0,True,0.2,20000,0.19868482477299332,0.07059993459851327,0.07055369270557332,0.19881681681681684,0.0,0.01
F1,N1,DITHER,-1.0,True,0.3,500,0.29899981802291115,0.1067188716281144,0.10669890334983904,0.2988332332332332,0.008408408408408409,0.01
F1,N1,DITHER,-1.0,True,0.3,2000,0.29899981802291115,0.1067188716281144,0.10669890334983904,0.2988332332332332,0.011217948717948718,0.01
F1,N1,DITHER,-1.0,True,0.3,5000,0.29899981802291115,0.1067188716281144,0.10669890334983904,0.2988332332332332,0.018036072144288578,0.01
F1,N1,DITHER,-1.0,True,0.3,20000,0.29899981802291115,0.1067188716281144,0.10669890334983904,0.2988332332332332,0.008064516129032258,0.01
F1,N1,DITHER,-1.0,True,0.5,500,0.49938158296748353,0.17778722563621074,0.17775299439771156,0.49948828828828823,0.01041041041041041,0.01
F1,N1,DITHER,-1.0,True,0.5,2000,0.49938158296748353,0.17778722563621074,0.17775299439771156,0.49948828828828823,0.01201923076923077,0.01
F1,N1,DITHER,-1.0,True,0.5,5000,0.49938158296748353,0.17778722563621074,0.17775299439771156,0.49948828828828823,0.018036072144288578,0.01
F1,N1,DITHER,-1.0,True,0.5,20000,0.49938158296748353,0.17778722563621074,0.17775299439771156,0.49948828828828823,0.008064516129032258,0.01
F1,N2,DITHER,0.0,False,0.02,500,0.3432780152777336,0.1024374467833474,0.07957911976875373,0.019206006006006006,0.44804804804804804,0.01
F1,N2,DITHER,0.0,False,0.02,2000,0.3432780152777336,0.1024374467833474,0.07957911976875373,0.019206006006006006,0.9631410256410257,0.01
F1,N2,DITHER,0.0,False,0.02,5000,0.3432780152777336,0.1024374467833474,0.07957911976875373,0.019206006006006006,1.0,0.01
F1,N2,DITHER,0.0,False,0.02,20000,0.3432780152777336,0.1024374467833474,0.07957911976875373,0.019206006006006006,1.0,0.01
F1,N2,DITHER,0.0,False,0.05,500,0.47984377814769646,0.11656163857929368,0.09594366525662452,0.04945585585585586,0.05985985985985986,0.01
F1,N2,DITHER,0.0,False,0.05,2000,0.47984377814769646,0.11656163857929368,0.09594366525662452,0.04945585585585586,0.1578525641025641,0.01
F1,N2,DITHER,0.0,False,0.05,5000,0.47984377814769646,0.11656163857929368,0.09594366525662452,0.04945585585585586,0.3687374749498998,0.01
F1,N2,DITHER,0.0,False,0.05,20000,0.47984377814769646,0.11656163857929368,0.09594366525662452,0.04945585585585586,0.9274193548387096,0.01
F1,N2,DITHER,0.0,False,0.1,500,0.6069227734989691,0.14838048016594024,0.13262893361160472,0.09933533533533533,0.036836836836836834,0.01
F1,N2,DITHER,0.0,False,0.1,2000,0.6069227734989691,0.14838048016594024,0.13262893361160472,0.09933533533533533,0.10336538461538461,0.01
F1,N2,DITHER,0.0,False,0.1,5000,0.6069227734989691,0.14838048016594024,0.13262893361160472,0.09933533533533533,0.2545090180360721,0.01
F1,N2,DITHER,0.0,False,0.1,20000,0.6069227734989691,0.14838048016594024,0.13262893361160472,0.09933533533533533,0.8629032258064516,0.01
F1,N2,DITHER,0.0,False,0.2,500,0.7607763419920333,0.20997857558158606,0.20038922303524775,0.19995995995995994,0.07307307307307308,0.01
F1,N2,DITHER,0.0,False,0.2,2000,0.7607763419920333,0.20997857558158606,0.20038922303524775,0.19995995995995994,0.4150641025641026,0.01
F1,N2,DITHER,0.0,False,0.2,5000,0.7607763419920333,0.20997857558158606,0.20038922303524775,0.19995995995995994,0.8577154308617234,0.01
F1,N2,DITHER,0.0,False,0.2,20000,0.7607763419920333,0.20997857558158606,0.20038922303524775,0.19995995995995994,1.0,0.01
F1,N2,DITHER,0.0,False,0.3,500,0.8534541308315482,0.25916039940606306,0.25336408438959407,0.299813013013013,0.05025025025025025,0.01
F1,N2,DITHER,0.0,False,0.3,2000,0.8534541308315482,0.25916039940606306,0.25336408438959407,0.299813013013013,0.33573717948717946,0.01
F1,N2,DITHER,0.0,False,0.3,5000,0.8534541308315482,0.25916039940606306,0.25336408438959407,0.299813013013013,0.7454909819639278,0.01
F1,N2,DITHER,0.0,False,0.3,20000,0.8534541308315482,0.25916039940606306,0.25336408438959407,0.299813013013013,1.0,0.01
F1,N2,DITHER,0.0,False,0.5,500,0.9524684757938442,0.32130017971867875,0.31945080096145556,0.5003395395395395,0.012812812812812813,0.01
F1,N2,DITHER,0.0,False,0.5,2000,0.9524684757938442,0.32130017971867875,0.31945080096145556,0.5003395395395395,0.04246794871794872,0.01
F1,N2,DITHER,0.0,False,0.5,5000,0.9524684757938442,0.32130017971867875,0.31945080096145556,0.5003395395395395,0.1282565130260521,0.01
F1,N2,DITHER,0.0,False,0.5,20000,0.9524684757938442,0.32130017971867875,0.31945080096145556,0.5003395395395395,0.6774193548387096,0.01
F1,N2,DITHER,0.25,False,0.02,500,0.2975455757679561,0.09167157589551936,0.07258972496619809,0.01960640640640641,0.34614614614614614,0.01
F1,N2,DITHER,0.25,False,0.02,2000,0.2975455757679561,0.09167157589551936,0.07258972496619809,0.01960640640640641,0.9206730769230769,0.01
F1,N2,DITHER,0.25,False,0.02,5000,0.2975455757679561,0.09167157589551936,0.07258972496619809,0.01960640640640641,1.0,0.01
F1,N2,DITHER,0.25,False,0.02,20000,0.2975455757679561,0.09167157589551936,0.07258972496619809,0.01960640640640641,1.0,0.01
F1,N2,DITHER,0.25,False,0.05,500,0.3925285276547841,0.10901409882788887,0.0894678928472982,0.049609609609609605,0.17577577577577577,0.01
F1,N2,DITHER,0.25,False,0.05,2000,0.3925285276547841,0.10901409882788887,0.0894678928472982,0.049609609609609605,0.6338141025641025,0.01
F1,N2,DITHER,0.25,False,0.05,5000,0.3925285276547841,0.10901409882788887,0.0894678928472982,0.049609609609609605,0.9619238476953907,0.01
F1,N2,DITHER,0.25,False,0.05,20000,0.3925285276547841,0.10901409882788887,0.0894678928472982,0.049609609609609605,1.0,0.01
F1,N2,DITHER,0.25,False,0.1,500,0.484733946020054,0.12689590079968296,0.10888503044306948,0.10006686686686689,0.04824824824824825,0.01
F1,N2,DITHER,0.25,False,0.1,2000,0.484733946020054,0.12689590079968296,0.10888503044306948,0.10006686686686689,0.1346153846153846,0.01
F1,N2,DITHER,0.25,False,0.1,5000,0.484733946020054,0.12689590079968296,0.10888503044306948,0.10006686686686689,0.2785571142284569,0.01
F1,N2,DITHER,0.25,False,0.1,20000,0.484733946020054,0.12689590079968296,0.10888503044306948,0.10006686686686689,0.8790322580645161,0.01
F1,N2,DITHER,0.25,False,0.2,500,0.6046152888383758,0.15946229648099966,0.14478195633088833,0.19913753753753752,0.027227227227227226,0.01
F1,N2,DITHER,0.25,False,0.2,2000,0.6046152888383758,0.15946229648099966,0.14478195633088833,0.19913753753753752,0.05448717948717949,0.01
F1,N2,DITHER,0.25,False,0.2,5000,0.6046152888383758,0.15946229648099966,0.14478195633088833,0.19913753753753752,0.08817635270541083,0.01
F1,N2,DITHER,0.25,False,0.2,20000,0.6046152888383758,0.15946229648099966,0.14478195633088833,0.19913753753753752,0.3629032258064516,0.01
F1,N2,DITHER,0.25,False,0.3,500,0.6937018249446463,0.191002470361971,0.17931369428662655,0.2996076076076076,0.051251251251251254,0.01
F1,N2,DITHER,0.25,False,0.3,2000,0.6937018249446463,0.191002470361971,0.17931369428662655,0.2996076076076076,0.18830128205128205,0.01
F1,N2,DITHER,0.25,False,0.3,5000,0.6937018249446463,0.191002470361971,0.17931369428662655,0.2996076076076076,0.4749498997995992,0.01
F1,N2,DITHER,0.25,False,0.3,20000,0.6937018249446463,0.191002470361971,0.17931369428662655,0.2996076076076076,0.9919354838709677,0.01
F1,N2,DITHER,0.25,False,0.5,500,0.8247284136859497,0.25003387895403567,0.24322446770752149,0.5006234234234234,0.04804804804804805,0.01
F1,N2,DITHER,0.25,False,0.5,2000,0.8247284136859497,0.25003387895403567,0.24322446770752149,0.5006234234234234,0.24919871794871795,0.01
F1,N2,DITHER,0.25,False,0.5,5000,0.8247284136859497,0.25003387895403567,0.24322446770752149,0.5006234234234234,0.6052104208416834,0.01
F1,N2,DITHER,0.25,False,0.5,20000,0.8247284136859497,0.25003387895403567,0.24322446770752149,0.5006234234234234,1.0,0.01
F1,N2,DITHER,0.5,False,0.02,500,0.19137918876057572,0.06256293334777846,0.05093020602229131,0.0198986986986987,0.15975975975975976,0.01
F1,N2,DITHER,0.5,False,0.02,2000,0.19137918876057572,0.06256293334777846,0.05093020602229131,0.0198986986986987,0.6097756410256411,0.01
F1,N2,DITHER,0.5,False,0.02,5000,0.19137918876057572,0.06256293334777846,0.05093020602229131,0.0198986986986987,0.9619238476953907,0.01
F1,N2,DITHER,0.5,False,0.02,20000,0.19137918876057572,0.06256293334777846,0.05093020602229131,0.0198986986986987,1.0,0.01
F1,N2,DITHER,0.5,False,0.05,500,0.2773580325562335,0.08507996323578632,0.07105793484723302,0.04983303303303303,0.16336336336336335,0.01
F1,N2,DITHER,0.5,False,0.05,2000,0.2773580325562335,0.08507996323578632,0.07105793484723302,0.04983303303303303,0.6410256410256411,0.01
F1,N2,DITHER,0.5,False,0.05,5000,0.2773580325562335,0.08507996323578632,0.07105793484723302,0.04983303303303303,0.9619238476953907,0.01
F1,N2,DITHER,0.5,False,0.05,20000,0.2773580325562335,0.08507996323578632,0.07105793484723302,0.04983303303303303,1.0,0.01
F1,N2,DITHER,0.5,False,0.1,500,0.36746165416424037,0.10664638644180263,0.09185397371390652,0.0994806806806807,0.0988988988988989,0.01
F1,N2,DITHER,0.5,False,0.1,2000,0.36746165416424037,0.10664638644180263,0.09185397371390652,0.0994806806806807,0.40625,0.01
F1,N2,DITHER,0.5,False,0.1,5000,0.36746165416424037,0.10664638644180263,0.09185397371390652,0.0994806806806807,0.7975951903807615,0.01
F1,N2,DITHER,0.5,False,0.1,20000,0.36746165416424037,0.10664638644180263,0.09185397371390652,0.0994806806806807,1.0,0.01
F1,N2,DITHER,0.5,False,0.2,500,0.4941957291934989,0.13825374659796075,0.12424017049216389,0.19956116116116118,0.035035035035035036,0.01
F1,N2,DITHER,0.5,False,0.2,2000,0.4941957291934989,0.13825374659796075,0.12424017049216389,0.19956116116116118,0.06810897435897435,0.01
F1,N2,DITHER,0.5,False,0.2,5000,0.4941957291934989,0.13825374659796075,0.12424017049216389,0.19956116116116118,0.12224448897795591,0.01
F1,N2,DITHER,0.5,False,0.2,20000,0.4941957291934989,0.13825374659796075,0.12424017049216389,0.19956116116116118,0.5080645161290323,0.01
F1,N2,DITHER,0.5,False,0.3,500,0.5914610697908749,0.16687024608842405,0.15448883155973164,0.2996292292292292,0.02082082082082082,0.01
F1,N2,DITHER,0.5,False,0.3,2000,0.5914610697908749,0.16687024608842405,0.15448883155973164,0.2996292292292292,0.041666666666666664,0.01
F1,N2,DITHER,0.5,False,0.3,5000,0.5914610697908749,0.16687024608842405,0.15448883155973164,0.2996292292292292,0.04408817635270541,0.01
F1,N2,DITHER,0.5,False,0.3,20000,0.5914610697908749,0.16687024608842405,0.15448883155973164,0.2996292292292292,0.10483870967741936,0.01
F1,N2,DITHER,0.5,False,0.5,500,0.746797332107747,0.22202475299142477,0.2135842929542064,0.5006250250250251,0.04364364364364364,0.01
F1,N2,DITHER,0.5,False,0.5,2000,0.746797332107747,0.22202475299142477,0.2135842929542064,0.5006250250250251,0.15865384615384615,0.01
F1,N2,DITHER,0.5,False,0.5,5000,0.746797332107747,0.22202475299142477,0.2135842929542064,0.5006250250250251,0.3867735470941884,0.01
F1,N2,DITHER,0.5,False,0.5,20000,0.746797332107747,0.22202475299142477,0.2135842929542064,0.5006250250250251,0.9838709677419355,0.01
F1,N2,DITHER,1.0,False,0.02,500,0.086346924921768,0.029545829713941686,0.0252374930395428,0.02002322322322322,0.041841841841841844,0.01
F1,N2,DITHER,1.0,False,0.02,2000,0.086346924921768,0.029545829713941686,0.0252374930395428,0.02002322322322322,0.12419871794871795,0.01
F1,N2,DITHER,1.0,False,0.02,5000,0.086346924921768,0.029545829713941686,0.0252374930395428,0.02002322322322322,0.28256513026052105,0.01
F1,N2,DITHER,1.0,False,0.02,20000,0.086346924921768,0.029545829713941686,0.0252374930395428,0.02002322322322322,0.9193548387096774,0.01
F1,N2,DITHER,1.0,False,0.05,500,0.15358202327598092,0.05093650786104687,0.044628781977878076,0.05014334334334334,0.06146146146146146,0.01
F1,N2,DITHER,1.0,False,0.05,2000,0.15358202327598092,0.05093650786104687,0.044628781977878076,0.05014334334334334,0.2155448717948718,0.01
F1,N2,DITHER,1.0,False,0.05,5000,0.15358202327598092,0.05093650786104687,0.044628781977878076,0.05014334334334334,0.46693386773547096,0.01
F1,N2,DITHER,1.0,False,0.05,20000,0.15358202327598092,0.05093650786104687,0.044628781977878076,0.05014334334334334,0.9919354838709677,0.01
F1,N2,DITHER,1.0,False,0.1,500,0.23837020207144008,0.07599007413602761,0.06815028271175425,0.09975895895895898,0.05885885885885886,0.01
F1,N2,DITHER,1.0,False,0.1,2000,0.23837020207144008,0.07599007413602761,0.06815028271175425,0.09975895895895898,0.22756410256410256,0.01
F1,N2,DITHER,1.0,False,0.1,5000,0.23837020207144008,0.07599007413602761,0.06815028271175425,0.09975895895895898,0.5050100200400801,0.01
F1,N2,DITHER,1.0,False,0.1,20000,0.23837020207144008,0.07599007413602761,0.06815028271175425,0.09975895895895898,0.9919354838709677,0.01
F1,N2,DITHER,1.0,False,0.2,500,0.372186088920874,0.11423749514963517,0.10532404686259006,0.19983183183183184,0.03883883883883884,0.01
F1,N2,DITHER,1.0,False,0.2,2000,0.372186088920874,0.11423749514963517,0.10532404686259006,0.19983183183183184,0.11137820512820513,0.01
F1,N2,DITHER,1.0,False,0.2,5000,0.372186088920874,0.11423749514963517,0.10532404686259006,0.19983183183183184,0.23046092184368738,0.01
F1,N2,DITHER,1.0,False,0.2,20000,0.372186088920874,0.11423749514963517,0.10532404686259006,0.19983183183183184,0.8145161290322581,0.01
F1,N2,DITHER,1.0,False,0.3,500,0.4824201487900901,0.14676721414068863,0.1378686882076296,0.2998266266266266,0.026026026026026026,0.01
F1,N2,DITHER,1.0,False,0.3,2000,0.4824201487900901,0.14676721414068863,0.1378686882076296,0.2998266266266266,0.03926282051282051,0.01
F1,N2,DITHER,1.0,False,0.3,5000,0.4824201487900901,0.14676721414068863,0.1378686882076296,0.2998266266266266,0.04809619238476954,0.01
F1,N2,DITHER,1.0,False,0.3,20000,0.4824201487900901,0.14676721414068863,0.1378686882076296,0.2998266266266266,0.18548387096774194,0.01
F1,N2,DITHER,1.0,False,0.5,500,0.667843850051172,0.20546598161060614,0.1981736914817196,0.5010774774774774,0.023223223223223222,0.01
F1,N2,DITHER,1.0,False,0.5,2000,0.667843850051172,0.20546598161060614,0.1981736914817196,0.5010774774774774,0.05689102564102564,0.01
F1,N2,DITHER,1.0,False,0.5,5000,0.667843850051172,0.20546598161060614,0.1981736914817196,0.5010774774774774,0.09218436873747494,0.01
F1,N2,DITHER,1.0,False,0.5,20000,0.667843850051172,0.20546598161060614,0.1981736914817196,0.5010774774774774,0.4274193548387097,0.01
F1,N2,DITHER,2.0,False,0.02,500,0.043192142932079264,0.015079998113118227,0.013669122406724174,0.020145745745745746,0.01701701701701702,0.01
F1,N2,DITHER,2.0,False,0.02,2000,0.043192142932079264,0.015079998113118227,0.013669122406724174,0.020145745745745746,0.022435897435897436,0.01
F1,N2,DITHER,2.0,False,0.02,5000,0.043192142932079264,0.015079998113118227,0.013669122406724174,0.020145745745745746,0.03206412825651302,0.01
F1,N2,DITHER,2.0,False,0.02,20000,0.043192142932079264,0.015079998113118227,0.013669122406724174,0.020145745745745746,0.08870967741935484,0.01
F1,N2,DITHER,2.0,False,0.05,500,0.09123290998965858,0.03135849616348584,0.028997649560764904,0.050135335335335346,0.026226226226226227,0.01
F1,N2,DITHER,2.0,False,0.05,2000,0.09123290998965858,0.03135849616348584,0.028997649560764904,0.050135335335335346,0.05048076923076923,0.01
F1,N2,DITHER,2.0,False,0.05,5000,0.09123290998965858,0.03135849616348584,0.028997649560764904,0.050135335335335346,0.09418837675350701,0.01
F1,N2,DITHER,2.0,False,0.05,20000,0.09123290998965858,0.03135849616348584,0.028997649560764904,0.050135335335335346,0.3709677419354839,0.01
F1,N2,DITHER,2.0,False,0.1,500,0.1614201397788932,0.054568594350398625,0.051188658647124956,0.10027107107107108,0.032632632632632635,0.01
F1,N2,DITHER,2.0,False,0.1,2000,0.1614201397788932,0.054568594350398625,0.051188658647124956,0.10027107107107108,0.07291666666666667,0.01
F1,N2,DITHER,2.0,False,0.1,5000,0.1614201397788932,0.054568594350398625,0.051188658647124956,0.10027107107107108,0.13026052104208416,0.01
F1,N2,DITHER,2.0,False,0.1,20000,0.1614201397788932,0.054568594350398625,0.051188658647124956,0.10027107107107108,0.532258064516129,0.01
F1,N2,DITHER,2.0,False,0.2,500,0.2844340194448186,0.09413085152569596,0.08971046467857226,0.19952432432432432,0.03043043043043043,0.01
F1,N2,DITHER,2.0,False,0.2,2000,0.2844340194448186,0.09413085152569596,0.08971046467857226,0.19952432432432432,0.06009615384615385,0.01
F1,N2,DITHER,2.0,False,0.2,5000,0.2844340194448186,0.09413085152569596,0.08971046467857226,0.19952432432432432,0.09218436873747494,0.01
F1,N2,DITHER,2.0,False,0.2,20000,0.2844340194448186,0.09413085152569596,0.08971046467857226,0.19952432432432432,0.4112903225806452,0.01
F1,N2,DITHER,2.0,False,0.3,500,0.3955262867154628,0.1293237218604262,0.12450221801399647,0.2993717717717718,0.026426426426426425,0.01
F1,N2,DITHER,2.0,False,0.3,2000,0.3955262867154628,0.1293237218604262,0.12450221801399647,0.2993717717717718,0.044070512820512824,0.01
F1,N2,DITHER,2.0,False,0.3,5000,0.3955262867154628,0.1293237218604262,0.12450221801399647,0.2993717717717718,0.07214428857715431,0.01
F1,N2,DITHER,2.0,False,0.3,20000,0.3955262867154628,0.1293237218604262,0.12450221801399647,0.2993717717717718,0.24193548387096775,0.01
F1,N2,DITHER,2.0,False,0.5,500,0.596509735983415,0.19417208785325746,0.18960151109182596,0.5007003003003003,0.02242242242242242,0.01
F1,N2,DITHER,2.0,False,0.5,2000,0.596509735983415,0.19417208785325746,0.18960151109182596,0.5007003003003003,0.027243589743589744,0.01
F1,N2,DITHER,2.0,False,0.5,5000,0.596509735983415,0.19417208785325746,0.18960151109182596,0.5007003003003003,0.04208416833667335,0.01
F1,N2,DITHER,2.0,False,0.5,20000,0.596509735983415,0.19417208785325746,0.18960151109182596,0.5007003003003003,0.06451612903225806,0.01
F1,N2,DITHER,4.0,False,0.02,500,0.028904878095707555,0.010207267777545364,0.009736408476350808,0.020070870870870873,0.014014014014014014,0.01
F1,N2,DITHER,4.0,False,0.02,2000,0.028904878095707555,0.010207267777545364,0.009736408476350808,0.020070870870870873,0.013621794871794872,0.01
F1,N2,DITHER,4.0,False,0.02,5000,0.028904878095707555,0.010207267777545364,0.009736408476350808,0.020070870870870873,0.01603206412825651,0.01
F1,N2,DITHER,4.0,False,0.02,20000,0.028904878095707555,0.010207267777545364,0.009736408476350808,0.020070870870870873,0.024193548387096774,0.01
F1,N2,DITHER,4.0,False,0.05,500,0.06821366519005574,0.023832087966825594,0.022843798981756588,0.050041241241241236,0.017417417417417418,0.01
F1,N2,DITHER,4.0,False,0.05,2000,0.06821366519005574,0.023832087966825594,0.022843798981756588,0.050041241241241236,0.016826923076923076,0.01
F1,N2,DITHER,4.0,False,0.05,5000,0.06821366519005574,0.023832087966825594,0.022843798981756588,0.050041241241241236,0.022044088176352707,0.01
F1,N2,DITHER,4.0,False,0.05,20000,0.06821366519005574,0.023832087966825594,0.022843798981756588,0.050041241241241236,0.04838709677419355,0.01
F1,N2,DITHER,4.0,False,0.1,500,0.12866450770433713,0.04459745690243028,0.04309480515621935,0.10048008008008007,0.023023023023023025,0.01
F1,N2,DITHER,4.0,False,0.1,2000,0.12866450770433713,0.04459745690243028,0.04309480515621935,0.10048008008008007,0.030448717948717948,0.01
F1,N2,DITHER,4.0,False,0.1,5000,0.12866450770433713,0.04459745690243028,0.04309480515621935,0.10048008008008007,0.04609218436873747,0.01
F1,N2,DITHER,4.0,False,0.1,20000,0.12866450770433713,0.04459745690243028,0.04309480515621935,0.10048008008008007,0.14516129032258066,0.01
F1,N2,DITHER,4.0,False,0.2,500,0.2407380736168932,0.08261809487105669,0.08056285020750797,0.1999915915915916,0.025425425425425426,0.01
F1,N2,DITHER,4.0,False,0.2,2000,0.2407380736168932,0.08261809487105669,0.08056285020750797,0.1999915915915916,0.04326923076923077,0.01
F1,N2,DITHER,4.0,False,0.2,5000,0.2407380736168932,0.08261809487105669,0.08056285020750797,0.1999915915915916,0.03807615230460922,0.01
F1,N2,DITHER,4.0,False,0.2,20000,0.2407380736168932,0.08261809487105669,0.08056285020750797,0.1999915915915916,0.12903225806451613,0.01
F1,N2,DITHER,4.0,False,0.3,500,0.34766091910609986,0.11930071857611498,0.11691671833351401,0.2995119119119119,0.026026026026026026,0.01
F1,N2,DITHER,4.0,False,0.3,2000,0.34766091910609986,0.11930071857611498,0.11691671833351401,0.2995119119119119,0.03766025641025641,0.01
F1,N2,DITHER,4.0,False,0.3,5000,0.34766091910609986,0.11930071857611498,0.11691671833351401,0.2995119119119119,0.056112224448897796,0.01
F1,N2,DITHER,4.0,False,0.3,20000,0.34766091910609986,0.11930071857611498,0.11691671833351401,0.2995119119119119,0.11290322580645161,0.01
F1,N2,DITHER,4.0,False,0.5,500,0.5514813001240095,0.18664855038680947,0.18417101245975462,0.5009045045045045,0.023423423423423424,0.01
F1,N2,DITHER,4.0,False,0.5,2000,0.5514813001240095,0.18664855038680947,0.18417101245975462,0.5009045045045045,0.029647435897435896,0.01
F1,N2,DITHER,4.0,False,0.5,5000,0.5514813001240095,0.18664855038680947,0.18417101245975462,0.5009045045045045,0.036072144288577156,0.01
F1,N2,DITHER,4.0,False,0.5,20000,0.5514813001240095,0.18664855038680947,0.18417101245975462,0.5009045045045045,0.04032258064516129,0.01
F1,N2,DITHER,-1.0,True,0.02,500,0.020205852363701076,0.007226073735748239,0.007237408328498635,0.02001281281281281,0.012012012012012012,0.01
F1,N2,DITHER,-1.0,True,0.02,2000,0.020205852363701076,0.007226073735748239,0.007237408328498635,0.02001281281281281,0.01201923076923077,0.01
F1,N2,DITHER,-1.0,True,0.02,5000,0.020205852363701076,0.007226073735748239,0.007237408328498635,0.02001281281281281,0.01002004008016032,0.01
F1,N2,DITHER,-1.0,True,0.02,20000,0.020205852363701076,0.007226073735748239,0.007237408328498635,0.02001281281281281,0.0,0.01
F1,N2,DITHER,-1.0,True,0.05,500,0.05121939160493343,0.01820028280268251,0.018147624855812765,0.050035235235235245,0.012212212212212211,0.01
F1,N2,DITHER,-1.0,True,0.05,2000,0.05121939160493343,0.01820028280268251,0.018147624855812765,0.050035235235235245,0.016025641025641024,0.01
F1,N2,DITHER,-1.0,True,0.05,5000,0.05121939160493343,0.01820028280268251,0.018147624855812765,0.050035235235235245,0.01002004008016032,0.01
F1,N2,DITHER,-1.0,True,0.05,20000,0.05121939160493343,0.01820028280268251,0.018147624855812765,0.050035235235235245,0.03225806451612903,0.01
F1,N2,DITHER,-1.0,True,0.1,500,0.1028335719742855,0.03644500701306051,0.03627780930173089,0.10055215215215214,0.016816816816816817,0.01
F1,N2,DITHER,-1.0,True,0.1,2000,0.1028335719742855,0.03644500701306051,0.03627780930173089,0.10055215215215214,0.020032051282051284,0.01
F1,N2,DITHER,-1.0,True,0.1,5000,0.1028335719742855,0.03644500701306051,0.03627780930173089,0.10055215215215214,0.01603206412825651,0.01
F1,N2,DITHER,-1.0,True,0.1,20000,0.1028335719742855,0.03644500701306051,0.03627780930173089,0.10055215215215214,0.024193548387096774,0.01
F1,N2,DITHER,-1.0,True,0.2,500,0.20214310854624695,0.07189899455817358,0.07175961228637497,0.20020300300300303,0.024224224224224225,0.01
F1,N2,DITHER,-1.0,True,0.2,2000,0.20214310854624695,0.07189899455817358,0.07175961228637497,0.20020300300300303,0.026442307692307692,0.01
F1,N2,DITHER,-1.0,True,0.2,5000,0.20214310854624695,0.07189899455817358,0.07175961228637497,0.20020300300300303,0.02404809619238477,0.01
F1,N2,DITHER,-1.0,True,0.2,20000,0.20214310854624695,0.07189899455817358,0.07175961228637497,0.20020300300300303,0.03225806451612903,0.01
F1,N2,DITHER,-1.0,True,0.3,500,0.3013596305235066,0.10775780566006601,0.10768197413409342,0.29963083083083086,0.025825825825825825,0.01
F1,N2,DITHER,-1.0,True,0.3,2000,0.3013596305235066,0.10775780566006601,0.10768197413409342,0.29963083083083086,0.024839743589743588,0.01
F1,N2,DITHER,-1.0,True,0.3,5000,0.3013596305235066,0.10775780566006601,0.10768197413409342,0.29963083083083086,0.04008016032064128,0.01
F1,N2,DITHER,-1.0,True,0.3,20000,0.3013596305235066,0.10775780566006601,0.10768197413409342,0.29963083083083086,0.04032258064516129,0.01
F1,N2,DITHER,-1.0,True,0.5,500,0.502194299977427,0.17832322049807825,0.1782320655922756,0.5010942942942943,0.023423423423423424,0.01
F1,N2,DITHER,-1.0,True,0.5,2000,0.502194299977427,0.17832322049807825,0.1782320655922756,0.5010942942942943,0.026442307692307692,0.01
F1,N2,DITHER,-1.0,True,0.5,5000,0.502194299977427,0.17832322049807825,0.1782320655922756,0.5010942942942943,0.028056112224448898,0.01
F1,N2,DITHER,-1.0,True,0.5,20000,0.502194299977427,0.17832322049807825,0.1782320655922756,0.5010942942942943,0.07258064516129033,0.01
