exp,regime,scheduler,L,budget,N_cal,N_eff,N_eff_over_N,eff_exceedances,rate_mean,rate_std,rate_std_iid,rate_std_neff,conformal_violation
F3,N1,MEMLESS,1,0.02,5000,4892.249344194157,0.9784498688388313,97.84498688388314,0.020243643643643647,0.0020379211299609585,0.001979898987322333,0.0020015836454568134,0.59
F3,N1,MEMLESS,1,0.05,5000,4920.360062784535,0.984072012556907,246.01800313922678,0.050082082082082084,0.0028357890184240913,0.0030822070014844883,0.0031070508602967237,0.49
F3,N1,MEMLESS,1,0.1,5000,4881.909958269604,0.9763819916539209,488.1909958269605,0.09992782782782783,0.004019066212885013,0.004242640687119285,0.004293647355199961,0.44
F3,N1,MEMLESS,1,0.2,5000,4880.531420206476,0.9761062840412951,976.1062840412951,0.1998853853853854,0.00549578245529853,0.005656854249492381,0.005725671595725831,0.44
F3,N1,MEMLESS,1,0.3,5000,4878.0565420672065,0.9756113084134413,1463.416962620162,0.29936726726726726,0.0063678890585588226,0.00648074069840786,0.006561244661055582,0.425
F3,N1,MEMLESS,1,0.5,5000,4887.374919295249,0.9774749838590499,2443.6874596476246,0.4997157157157157,0.00668483577746784,0.007071067811865475,0.007152076916940424,0.47
F3,N1,BLOCK,2,0.02,5000,2494.3682560319867,0.4988736512063973,49.887365120639735,0.020865665665665663,0.002989255982180629,0.001979898987322333,0.0028031591150232725,0.62
F3,N1,BLOCK,2,0.05,5000,2514.9627317287986,0.5029925463457597,125.74813658643994,0.0511077077077077,0.004557688967549356,0.0030822070014844883,0.004345912999010234,0.595
F3,N1,BLOCK,2,0.1,5000,2566.218786225743,0.5132437572451486,256.6218786225743,0.10114284284284285,0.005356328493436925,0.004242640687119285,0.005922081975496233,0.61
F3,N1,BLOCK,2,0.2,5000,2646.711106494083,0.5293422212988166,529.3422212988166,0.20201961961961964,0.007247611292766232,0.005656854249492381,0.00777511321176917,0.615
F3,N1,BLOCK,2,0.3,5000,2742.652300516129,0.5485304601032258,822.7956901548387,0.30312502502502503,0.00883671881986766,0.00648074069840786,0.008750326752504827,0.61
F3,N1,BLOCK,2,0.5,5000,3008.056253415936,0.6016112506831872,1504.028126707968,0.5044175175175175,0.008661827166509102,0.007071067811865475,0.00911647672417702,0.675
F3,N1,BLOCK,4,0.02,5000,1238.4968887940847,0.24769937775881695,24.769937775881694,0.021202002002002,0.00401134304381429,0.001979898987322333,0.003978144697418264,0.585
F3,N1,BLOCK,4,0.05,5000,1261.6073157249402,0.25232146314498805,63.080365786247015,0.05185145145145145,0.00621200154357608,0.0030822070014844883,0.006135990880356577,0.655
F3,N1,BLOCK,4,0.1,5000,1305.1517965762741,0.2610303593152548,130.5151796576274,0.10167457457457457,0.008621922078813165,0.004242640687119285,0.008304065038252094,0.61
F3,N1,BLOCK,4,0.2,5000,1389.0279030985866,0.27780558061971733,277.8055806197173,0.20194794794794796,0.009945662445849048,0.005656854249492381,0.010732589191772656,0.595
F3,N1,BLOCK,4,0.3,5000,1486.5337371570997,0.29730674743141994,445.9601211471299,0.30288928928928927,0.011238268643591369,0.00648074069840786,0.011885631527413685,0.585
F3,N1,BLOCK,4,0.5,5000,1791.5091978873968,0.35830183957747935,895.7545989436984,0.5056672672672673,0.011447416524562585,0.007071067811865475,0.011813007595747249,0.675
F3,N1,BLOCK,6,0.02,5000,820.0099135975709,0.16400198271951416,16.400198271951417,0.020819619619619624,0.004936262510082839,0.001979898987322333,0.004888982517180512,0.545
F3,N1,BLOCK,6,0.05,5000,845.7968677865697,0.16915937355731395,42.28984338932849,0.05279989989989989,0.007677973638735355,0.0030822070014844883,0.007494001377036211,0.635
F3,N1,BLOCK,6,0.1,5000,880.2951025156115,0.1760590205031223,88.02951025156115,0.10281851851851853,0.010340792259160304,0.004242640687119285,0.010111302697886947,0.63
F3,N1,BLOCK,6,0.2,5000,944.7203279701562,0.18894406559403124,188.94406559403126,0.20302422422422425,0.012506705621919034,0.005656854249492381,0.01301392684601412,0.595
F3,N1,BLOCK,6,0.3,5000,1024.9200170018628,0.20498400340037257,307.47600510055884,0.30259689689689695,0.012588025732229764,0.00648074069840786,0.01431412020040347,0.595
F3,N1,BLOCK,6,0.5,5000,1240.5312916353641,0.24810625832707284,620.2656458176821,0.5048573573573574,0.013671182439986145,0.007071067811865475,0.014196004964652547,0.61
F3,N1,BLOCK,10,0.02,5000,497.62504508487194,0.09952500901697439,9.952500901697439,0.022500700700700697,0.006738683778623055,0.001979898987322333,0.006275913089161968,0.665
F3,N1,BLOCK,10,0.05,5000,508.3586626698118,0.10167173253396236,25.417933133490592,0.05284764764764764,0.00972843415868806,0.0030822070014844883,0.009666331626053154,0.565
F3,N1,BLOCK,10,0.1,5000,529.3970881623343,0.10587941763246686,52.939708816233434,0.1039850850850851,0.013614513630600771,0.004242640687119285,0.013038585541839252,0.62
F3,N1,BLOCK,10,0.2,5000,573.6244038518225,0.11472488077036451,114.7248807703645,0.20444314314314316,0.0168103110869824,0.005656854249492381,0.01670114250211744,0.615
F3,N1,BLOCK,10,0.3,5000,623.9174639228532,0.12478349278457065,187.17523917685597,0.3034526526526527,0.01734986356931898,0.00648074069840786,0.01834619800264025,0.595
F3,N1,BLOCK,10,0.5,5000,777.545122816835,0.15550902456336702,388.7725614084175,0.5037075075075075,0.016477628911856803,0.007071067811865475,0.017931111187582303,0.61
F3,N1,BLOCK,20,0.02,5000,251.06229571583555,0.05021245914316711,5.021245914316711,0.02447957957957958,0.009535392308618038,0.001979898987322333,0.008835625254022645,0.67
F3,N1,BLOCK,20,0.05,5000,254.09778741525807,0.050819557483051614,12.704889370762904,0.05271571571571572,0.014109024668261166,0.0030822070014844883,0.013672450606763292,0.58
F3,N1,BLOCK,20,0.1,5000,263.9559962661703,0.05279119925323406,26.39559962661703,0.10532282282282282,0.018922228493536166,0.004242640687119285,0.018465262613495913,0.59
F3,N1,BLOCK,20,0.2,5000,288.22480940350147,0.05764496188070029,57.64496188070029,0.20552132132132134,0.023601872257508417,0.005656854249492381,0.023561032101474613,0.625
F3,N1,BLOCK,20,0.3,5000,315.00153786375483,0.06300030757275096,94.50046135912645,0.30464994994995,0.026821920911398445,0.00648074069840786,0.0258198259472145,0.585
F3,N1,BLOCK,20,0.5,5000,398.85515237335807,0.07977103047467161,199.42757618667903,0.5059941941941942,0.022552711449461048,0.007071067811865475,0.025035853469388993,0.595
F3,N1,BLOCK,50,0.02,5000,100.87959994217206,0.02017591998843441,2.017591998843441,0.03044044044044044,0.017637369490041705,0.001979898987322333,0.0139388312398383,0.68
F3,N1,BLOCK,50,0.05,5000,101.5445322151524,0.020308906443030482,5.07722661075762,0.0607987987987988,0.022919749661245076,0.0030822070014844883,0.021628108180110357,0.66
F3,N1,BLOCK,50,0.1,5000,106.01509626063839,0.021203019252127676,10.601509626063839,0.10966776776776775,0.02970624327828289,0.004242640687119285,0.02913650116998114,0.615
F3,N1,BLOCK,50,0.2,5000,115.72422307566278,0.023144844615132557,23.144844615132556,0.20875475475475475,0.036783816349603225,0.005656854249492381,0.03718329348099457,0.57
F3,N1,BLOCK,50,0.3,5000,126.73302484847747,0.025346604969695492,38.01990745454324,0.31203663663663667,0.04193699650045629,0.00648074069840786,0.0407065922558609,0.605
F3,N1,BLOCK,50,0.5,5000,162.76577099811166,0.03255315419962233,81.38288549905583,0.5056702702702702,0.039368363963139065,0.007071067811865475,0.03919119125328014,0.55
F3,N2,MEMLESS,1,0.02,5000,4322.259898136116,0.8644519796272232,86.44519796272232,0.019753453453453456,0.002412821564911151,0.001979898987322333,0.002129475250489621,0.445
F3,N2,MEMLESS,1,0.05,5000,3728.495737116832,0.7456991474233664,186.4247868558416,0.0499966966966967,0.003717857476553898,0.0030822070014844883,0.003569274747461133,0.495
F3,N2,MEMLESS,1,0.1,5000,3742.011900685297,0.7484023801370594,374.20119006852974,0.09988138138138139,0.004998389596983002,0.004242640687119285,0.0049042056410827815,0.46
F3,N2,MEMLESS,1,0.2,5000,3972.8787621452525,0.7945757524290505,794.5757524290506,0.20027327327327327,0.006089967267147545,0.005656854249492381,0.006346106194814103,0.55
F3,N2,MEMLESS,1,0.3,5000,4157.286868158439,0.8314573736316877,1247.1860604475316,0.3001263263263263,0.006764772582581028,0.00648074069840786,0.007107300052078954,0.51
F3,N2,MEMLESS,1,0.5,5000,4477.9803867080545,0.895596077341611,2238.9901933540273,0.5009408408408409,0.007576454177459823,0.007071067811865475,0.00747186318058071,0.57
F3,N2,BLOCK,2,0.02,5000,2460.0956453421254,0.4920191290684251,49.20191290684251,0.02005115115115115,0.0030441279462584073,0.001979898987322333,0.0028226175634461876,0.465
F3,N2,BLOCK,2,0.05,5000,2346.7400935353817,0.4693480187070763,117.33700467676908,0.05045615615615616,0.0047321535976832425,0.0030822070014844883,0.004498982544929226,0.535
F3,N2,BLOCK,2,0.1,5000,2307.110992147677,0.46142219842953536,230.7110992147677,0.10121551551551551,0.0063011095665412254,0.004242640687119285,0.006245784715156733,0.585
F3,N2,BLOCK,2,0.2,5000,2475.221750895011,0.4950443501790022,495.04435017900227,0.2024083083083083,0.008843572951376048,0.005656854249492381,0.008039942355511993,0.57
F3,N2,BLOCK,2,0.3,5000,2672.103714625349,0.5344207429250698,801.6311143876046,0.30340610610610613,0.008936885962317983,0.00648074069840786,0.008865086794937064,0.61
F3,N2,BLOCK,2,0.5,5000,2939.4495937618567,0.5878899187523713,1469.7247968809284,0.5059335335335335,0.009136497246115418,0.007071067811865475,0.009222252222729899,0.725
F3,N2,BLOCK,4,0.02,5000,1248.1372761160242,0.24962745522320484,24.962745522320485,0.020038938938938943,0.004262651641623633,0.001979898987322333,0.00396275168032302,0.495
F3,N2,BLOCK,4,0.05,5000,1266.8034299725066,0.25336068599450134,63.34017149862533,0.05055305305305305,0.0067709761585876375,0.0030822070014844883,0.006123393791310375,0.54
F3,N2,BLOCK,4,0.1,5000,1297.163974181652,0.2594327948363304,129.7163974181652,0.1012932932932933,0.008830411902769359,0.004242640687119285,0.008329593651236323,0.56
F3,N2,BLOCK,4,0.2,5000,1367.5297884445965,0.27350595768891933,273.5059576889193,0.20280960960960961,0.011065160952105716,0.005656854249492381,0.010816620523149707,0.595
F3,N2,BLOCK,4,0.3,5000,1456.6533518325323,0.29133067036650645,436.9960055497597,0.3027843843843844,0.012816560131446827,0.00648074069840786,0.012006917901464175,0.58
F3,N2,BLOCK,4,0.5,5000,1741.9532332320186,0.34839064664640373,870.9766166160093,0.5051487487487488,0.011759365719355831,0.007071067811865475,0.011979860439877258,0.67
F3,N2,BLOCK,6,0.02,5000,826.7592297993556,0.16535184595987112,16.53518459598711,0.01965135135135135,0.005092146412881837,0.001979898987322333,0.004868985819212567,0.45
F3,N2,BLOCK,6,0.05,5000,844.9822781967566,0.1689964556393513,42.24911390983783,0.05097267267267267,0.008191251994161482,0.0030822070014844883,0.007497612733826028,0.51
F3,N2,BLOCK,6,0.1,5000,878.2295681398787,0.17564591362797574,87.82295681398787,0.10043143143143142,0.011454846082949754,0.004242640687119285,0.010123186252213723,0.525
F3,N2,BLOCK,6,0.2,5000,936.4281678751588,0.18728563357503175,187.28563357503177,0.2022118118118118,0.012657307078424405,0.005656854249492381,0.01307141962776892,0.55
F3,N2,BLOCK,6,0.3,5000,1008.6259613072792,0.20172519226145585,302.58778839218377,0.30337937937937937,0.014446003230362853,0.00648074069840786,0.014429277182412202,0.565
F3,N2,BLOCK,6,0.5,5000,1222.3833560779362,0.24447667121558725,611.1916780389681,0.5057705705705706,0.013889331990154255,0.007071067811865475,0.014300996171030507,0.645
F3,N2,BLOCK,10,0.02,5000,499.0158450191077,0.09980316900382154,9.980316900382155,0.021520320320320318,0.006936095247699027,0.001979898987322333,0.006267161232997632,0.59
F3,N2,BLOCK,10,0.05,5000,507.32948840163806,0.10146589768032761,25.366474420081904,0.05015095095095095,0.010759717590798787,0.0030822070014844883,0.00967613127281843,0.51
F3,N2,BLOCK,10,0.1,5000,532.0582941566729,0.10641165883133458,53.205829415667296,0.10084944944944944,0.013736266719956343,0.004242640687119285,0.013005936996470001,0.51
F3,N2,BLOCK,10,0.2,5000,574.4757625080512,0.11489515250161023,114.89515250161024,0.20272692692692693,0.017266138053631183,0.005656854249492381,0.016688762576802418,0.565
F3,N2,BLOCK,10,0.3,5000,621.7143111549154,0.12434286223098309,186.51429334647463,0.3035773773773774,0.01754597344312791,0.00648074069840786,0.01837867572683873,0.58
F3,N2,BLOCK,10,0.5,5000,764.7813487731371,0.15295626975462742,382.39067438656855,0.5044755755755755,0.01752692402358129,0.007071067811865475,0.018080122153782505,0.575
F3,N2,BLOCK,20,0.02,5000,250.2907564167473,0.050058151283349464,5.005815128334946,0.023165265265265265,0.009875812848426953,0.001979898987322333,0.008849233001261026,0.6
F3,N2,BLOCK,20,0.05,5000,251.6656864527746,0.05033313729055492,12.58328432263873,0.05051071071071071,0.014554803217877098,0.0030822070014844883,0.013738357142880821,0.48
F3,N2,BLOCK,20,0.1,5000,264.98596365287244,0.05299719273057449,26.498596365287245,0.10010980980980982,0.019614382763890523,0.004242640687119285,0.01842934158815318,0.49
F3,N2,BLOCK,20,0.2,5000,289.4517083614581,0.057890341672291616,57.89034167229162,0.20126816816816817,0.02483835689800781,0.005656854249492381,0.02351104500168976,0.51
F3,N2,BLOCK,20,0.3,5000,316.02709548076933,0.06320541909615386,94.80812864423079,0.29962932932932934,0.027051721486536395,0.00648074069840786,0.025777897205675446,0.485
F3,N2,BLOCK,20,0.5,5000,396.08024769851863,0.07921604953970372,198.04012384925932,0.5048508508508509,0.022405679792397108,0.007071067811865475,0.025123399935904647,0.6
F3,N2,BLOCK,50,0.02,5000,101.22257512913833,0.020244515025827668,2.0244515025827665,0.030596396396396396,0.018873788223457578,0.001979898987322333,0.013915196543028578,0.72
F3,N2,BLOCK,50,0.05,5000,101.43539578701905,0.02028707915740381,5.071769789350952,0.057771971971971973,0.02360715706712095,0.0030822070014844883,0.021639740115355726,0.61
F3,N2,BLOCK,50,0.1,5000,105.74641875668871,0.021149283751337743,10.574641875668872,0.105607007007007,0.03196063041228701,0.004242640687119285,0.02917349228661754,0.57
F3,N2,BLOCK,50,0.2,5000,116.08654037174108,0.023217308074348218,23.217308074348217,0.20095295295295293,0.0397416668594745,0.005656854249492381,0.03712522180999371,0.515
F3,N2,BLOCK,50,0.3,5000,127.78237551988767,0.025556475103977534,38.3347126559663,0.3009098098098098,0.043891878682982215,0.00648074069840786,0.040539106142352795,0.475
F3,N2,BLOCK,50,0.5,5000,163.5827031397043,0.03271654062794086,81.79135156985215,0.5001704704704705,0.04038562807262859,0.007071067811865475,0.03909320834930519,0.505
