budget,cohort,corr_transfer_cfg,corr_transfer_dr,corr_tuned_bestpick,corr_tuned_dr,corr_tuned_psi,dither_dr,memless_dr,memless_power,memless_psi,n_segments
0.02,all,CORR_L20_f0.0,0.04650322187058263,L20_f0.0,0.0328668558697875,0.3263538477346905,0.0172336340173787,0.06569246611060055,0.0,0.4244126067931845,14
0.05,all,CORR_L20_f0.0,0.05156297000481653,L20_f0.0,0.03862343301441469,0.4269948848047175,0.030592416726882087,0.0734092149417552,0.0,0.5556854883594912,14
0.1,all,CORR_L20_f0.0,0.03612503469634161,L20_f0.0,0.03754973809503687,0.5244337817723098,0.050278546973635936,0.08334715373518699,0.0,0.6814135854968554,14
0.2,all,CORR_L20_f0.0,0.031022771130073783,L20_f0.0,0.03246454369360742,0.6662123816166943,0.07516538968573894,0.07824648963041522,0.0,0.8113540161315856,14
0.3,all,CORR_L20_f0.0,0.03494237804431205,L20_f0.0,0.029762729535539257,0.7393730080760449,0.09126420686508606,0.06637948536650179,0.0,0.885794577611467,14
0.5,all,CORR_L4_f0.7,0.04273249222156088,L20_f0.0,0.021833014288823678,0.8928042237021085,0.10119847941103415,0.03473982574158823,0.0,0.9643118850839515,14
0.02,white,CORR_L20_f0.0,0.04650322187058263,L20_f0.0,0.0328668558697875,0.3263538477346905,0.0172336340173787,0.06569246611060055,0.0,0.4244126067931845,14
0.05,white,CORR_L20_f0.0,0.05156297000481653,L20_f0.0,0.03862343301441469,0.4269948848047175,0.030592416726882087,0.0734092149417552,0.0,0.5556854883594912,14
0.1,white,CORR_L20_f0.0,0.03612503469634161,L20_f0.0,0.03754973809503687,0.5244337817723098,0.050278546973635936,0.08334715373518699,0.0,0.6814135854968554,14
0.2,white,CORR_L20_f0.0,0.031022771130073783,L20_f0.0,0.03246454369360742,0.6662123816166943,0.07516538968573894,0.07824648963041522,0.0,0.8113540161315856,14
0.3,white,CORR_L20_f0.0,0.03494237804431205,L20_f0.0,0.029762729535539257,0.7393730080760449,0.09126420686508606,0.06637948536650179,0.0,0.885794577611467,14
0.5,white,CORR_L4_f0.7,0.04273249222156088,L20_f0.0,0.021833014288823678,0.8928042237021085,0.10119847941103415,0.03473982574158823,0.0,0.9643118850839515,14
