exp,regime,attack,family,tau,W,budget,fire_rate,tr_D,tr_D_norm,acf1,acf_tau,power_chi2,power_acf1,power_acf_tau,far_target,power_lb_m1,power_lb_m2,power_lb_m5,power_lb_m10,power_lb_m20,power_lb_m30
F8,N1,NOMINAL,control,10,5000,,0.0,0.0,0.0,7.301961379606911e-06,0.0007712681469602307,0.007692307692307693,0.015384615384615385,0.010256410256410256,0.01,0.015384615384615385,0.01282051282051282,0.014102564102564103,0.007692307692307693,0.002564102564102564,0.008974358974358974
F8,N1,LiYang2021,baseline,10,5000,,1.0,0.4338566831521966,1.2199877366414384,0.000607732945509242,0.4845891795175999,0.026923076923076925,0.03974358974358974,1.0,0.01,0.03974358974358974,0.05,0.11282051282051282,1.0,1.0,1.0
F8,N1,ShangChen2021,baseline,10,5000,,1.0,1.3693377647624474,3.8505233299452204,0.9169771049659112,0.08021276947805607,0.19743589743589743,1.0,0.8717948717948718,0.01,1.0,1.0,1.0,1.0,1.0,1.0
F8,N1,RenEtAl2023,baseline,10,5000,,1.0,0.5472843922821118,1.5389419431974427,0.0014288469241828603,0.8235897868544445,0.12692307692307692,0.29743589743589743,1.0,0.01,0.29743589743589743,0.44487179487179485,0.7576923076923077,1.0,1.0,1.0
F8,N1,OURS_CORR_G0.02,proposed,10,5000,0.02,0.021674002200660198,0.04150254020786956,0.11670349232653678,0.00019121985019787742,0.001176786434214742,0.007692307692307693,0.008974358974358974,0.014102564102564103,0.01,0.008974358974358974,0.01282051282051282,0.008974358974358974,0.008974358974358974,0.010256410256410256,0.015384615384615385
F8,N1,OURS_MEMLESS_G0.02,proposed,10,5000,0.02,0.02094153245973792,0.05281949430630471,0.14852631712645262,0.00024699558725948547,0.0010206606178663517,0.007692307692307693,0.010256410256410256,0.01282051282051282,0.01,0.010256410256410256,0.01282051282051282,0.010256410256410256,0.010256410256410256,0.0038461538461538464,0.010256410256410256
F8,N1,OURS_CORR_G0.05,proposed,10,5000,0.05,0.053024407322196654,0.08033681357859992,0.2259039244357093,4.919860376676268e-05,0.0010961028600052771,0.007692307692307693,0.016666666666666666,0.010256410256410256,0.01,0.016666666666666666,0.014102564102564103,0.005128205128205128,0.010256410256410256,0.007692307692307693,0.01282051282051282
F8,N1,OURS_MEMLESS_G0.05,proposed,10,5000,0.05,0.05100530159047715,0.10050847473264435,0.28262583328547525,7.876565116641918e-05,6.433018931304108e-05,0.007692307692307693,0.0038461538461538464,0.008974358974358974,0.01,0.0038461538461538464,0.002564102564102564,0.0038461538461538464,0.0038461538461538464,0.005128205128205128,0.011538461538461539
F8,N1,OURS_CORR_G0.1,proposed,10,5000,0.1,0.1031919575872762,0.12708808076205727,0.357366628252714,0.0002610286549981891,8.564608456040027e-05,0.007692307692307693,0.014102564102564103,0.010256410256410256,0.01,0.014102564102564103,0.00641025641025641,0.008974358974358974,0.005128205128205128,0.00641025641025641,0.015384615384615385
F8,N1,OURS_MEMLESS_G0.1,proposed,10,5000,0.1,0.1012073622086626,0.15745909116276244,0.44276870151125125,0.0002061049774377434,0.0005771111946442259,0.007692307692307693,0.011538461538461539,0.008974358974358974,0.01,0.011538461538461539,0.010256410256410256,0.008974358974358974,0.008974358974358974,0.01282051282051282,0.019230769230769232
F8,N1,OURS_CORR_G0.2,proposed,10,5000,0.2,0.20260703210963285,0.19512967104383577,0.5486968738127005,0.0003972925165916251,7.847683668745693e-05,0.007692307692307693,0.014102564102564103,0.005128205128205128,0.01,0.014102564102564103,0.017948717948717947,0.010256410256410256,0.015384615384615385,0.01282051282051282,0.020512820512820513
F8,N1,OURS_MEMLESS_G0.2,proposed,10,5000,0.2,0.20254201260378113,0.2324073100808949,0.653520112089762,0.00031507436684024756,0.0002847778745043475,0.007692307692307693,0.007692307692307693,0.010256410256410256,0.01,0.007692307692307693,0.005128205128205128,0.008974358974358974,0.016666666666666666,0.010256410256410256,0.015384615384615385
F8,N1,OURS_CORR_G0.3,proposed,10,5000,0.3,0.30656296889066725,0.2463675061256943,0.6927756281095326,6.712508627249524e-05,0.0002559590202554698,0.007692307692307693,0.01282051282051282,0.008974358974358974,0.01,0.01282051282051282,0.008974358974358974,0.011538461538461539,0.014102564102564103,0.011538461538461539,0.015384615384615385
F8,N1,OURS_MEMLESS_G0.3,proposed,10,5000,0.3,0.30146593978193464,0.2789686860085821,0.7844488492483489,0.0001646840076247068,0.00028308039683068925,0.007692307692307693,0.016666666666666666,0.007692307692307693,0.01,0.016666666666666666,0.02564102564102564,0.014102564102564103,0.015384615384615385,0.010256410256410256,0.01282051282051282
F8,N1,OURS_CORR_G0.5,proposed,10,5000,0.5,0.5037758827648294,0.30973378250746975,0.8709590769404433,0.0002994674706309933,0.00046179684844576584,0.007692307692307693,0.017948717948717947,0.008974358974358974,0.01,0.017948717948717947,0.015384615384615385,0.010256410256410256,0.008974358974358974,0.008974358974358974,0.016666666666666666
F8,N1,OURS_MEMLESS_G0.5,proposed,10,5000,0.5,0.5006194358307492,0.3294782166133111,0.9264796403233552,0.00017435369556762257,0.00012507647929382306,0.007692307692307693,0.007692307692307693,0.00641025641025641,0.01,0.007692307692307693,0.011538461538461539,0.007692307692307693,0.008974358974358974,0.010256410256410256,0.014102564102564103
F8,N1,SWEEP_Ren_H0.00,sweep_ren,10,5000,,1.0,0.3541451452561076,0.9958420625549942,7.301961379606911e-06,0.0007712681469602307,0.007692307692307693,0.015384615384615385,0.010256410256410256,0.01,0.015384615384615385,0.01282051282051282,0.014102564102564103,0.007692307692307693,0.002564102564102564,0.008974358974358974
F8,N1,SWEEP_Ren_H0.10,sweep_ren,10,5000,,1.0,0.3758600753752413,1.056903582352018,0.00012477597125735385,0.09920159069638922,0.0038461538461538464,0.01282051282051282,1.0,0.01,0.01282051282051282,0.014102564102564103,0.016666666666666666,0.9987179487179487,0.9935897435897436,0.9782051282051282
F8,N1,SWEEP_Ren_H0.20,sweep_ren,10,5000,,1.0,0.3984774935068088,1.1205028625441005,0.00023129000803200574,0.1991822958572992,0.007692307692307693,0.016666666666666666,1.0,0.01,0.016666666666666666,0.016666666666666666,0.02435897435897436,1.0,1.0,1.0
F8,N1,SWEEP_Ren_H0.30,sweep_ren,10,5000,,1.0,0.42208120491375495,1.1868755601973398,0.00033120364361783483,0.2991703506395795,0.01282051282051282,0.021794871794871794,1.0,0.01,0.021794871794871794,0.02435897435897436,0.04230769230769231,1.0,1.0,1.0
F8,N1,SWEEP_Ren_H0.50,sweep_ren,10,5000,,1.0,0.47212700550127173,1.327602360908521,0.0005503878949008531,0.4991776656480571,0.029487179487179487,0.05128205128205128,1.0,0.01,0.05128205128205128,0.06538461538461539,0.1564102564102564,1.0,1.0,1.0
F8,N1,SWEEP_Ren_H0.70,sweep_ren,10,5000,,1.0,0.5228698363405093,1.4702891829635922,0.0009447381147681826,0.6992878004195191,0.06025641025641026,0.15,1.0,0.01,0.15,0.23076923076923078,0.45256410256410257,1.0,1.0,1.0
F8,N1,SWEEP_Ren_H0.90,sweep_ren,10,5000,,1.0,0.5504355274680547,1.5478028100058516,0.0017988853348821859,0.8996213976588887,0.18846153846153846,0.44871794871794873,1.0,0.01,0.44871794871794873,0.6307692307692307,0.9243589743589744,1.0,1.0,1.0
F8,N1,SWEEP_Ren_H0.98,sweep_ren,10,5000,,1.0,0.5122809746821166,1.440513725145647,0.0021858017672834133,0.9798832497156416,0.3333333333333333,0.7269230769230769,1.0,0.01,0.7269230769230769,0.9217948717948717,1.0,1.0,1.0,1.0
F8,N1,SWEEP_Li_T0.00,sweep_li,10,5000,,1.0,0.3541451452561076,0.9958420625549942,7.301961379606911e-06,0.0007712681469602307,0.007692307692307693,0.015384615384615385,0.010256410256410256,0.01,0.015384615384615385,0.01282051282051282,0.014102564102564103,0.007692307692307693,0.002564102564102564,0.008974358974358974
F8,N1,SWEEP_Li_T0.10,sweep_li,10,5000,,1.0,0.3745064307680753,1.0530971875570485,0.00013048322626623413,0.09871147896130583,0.0038461538461538464,0.01282051282051282,1.0,0.01,0.01282051282051282,0.014102564102564103,0.016666666666666666,0.9987179487179487,0.9923076923076923,0.9807692307692307
F8,N1,SWEEP_Li_T0.20,sweep_li,10,5000,,1.0,0.39274170761444194,1.1043740607521184,0.0002499053898494961,0.19518566165404194,0.007692307692307693,0.015384615384615385,1.0,0.01,0.015384615384615385,0.016666666666666666,0.02564102564102564,1.0,1.0,1.0
F8,N1,SWEEP_Li_T0.30,sweep_li,10,5000,,1.0,0.40842409916586603,1.1484723220372512,0.0003616005645773725,0.2854472081023212,0.011538461538461539,0.020512820512820513,1.0,0.01,0.020512820512820513,0.02435897435897436,0.04358974358974359,1.0,1.0,1.0
F8,N1,SWEEP_Li_T0.50,sweep_li,10,5000,,1.0,0.4297985593902706,1.2085764540322774,0.0005433126249694087,0.43239576944542596,0.023076923076923078,0.03076923076923077,1.0,0.01,0.03076923076923077,0.041025641025641026,0.07435897435897436,1.0,1.0,1.0
F8,N1,SWEEP_Li_T0.70,sweep_li,10,5000,,1.0,0.4313310993056228,1.2128858953184158,0.0006258396111721508,0.49935980117666995,0.029487179487179487,0.04230769230769231,1.0,0.01,0.04230769230769231,0.05384615384615385,0.12435897435897436,1.0,1.0,1.0
F8,N1,SWEEP_Li_T0.90,sweep_li,10,5000,,1.0,0.39190223909294397,1.10201350865901,0.0004919183067051649,0.39164861267075535,0.020512820512820513,0.026923076923076925,1.0,0.01,0.026923076923076925,0.038461538461538464,0.052564102564102565,1.0,1.0,1.0
F8,N1,SWEEP_Li_T0.98,sweep_li,10,5000,,1.0,0.3374632655085018,0.9489332802162262,0.00024721208275319586,0.19424960233686253,0.007692307692307693,0.016666666666666666,1.0,0.01,0.016666666666666666,0.017948717948717947,0.02435897435897436,1.0,1.0,1.0
F8,N2,NOMINAL,control,10,5000,,0.0,0.0,0.0,0.0005151957885782338,0.00063007304221685,0.010256410256410256,0.008974358974358974,0.008974358974358974,0.01,0.008974358974358974,0.014102564102564103,0.01282051282051282,0.01282051282051282,0.010256410256410256,0.011538461538461539
F8,N2,LiYang2021,baseline,10,5000,,1.0,0.43426830590488086,1.2211452034499448,0.0003316017523281445,0.4851164918549874,0.015384615384615385,0.016666666666666666,1.0,0.01,0.016666666666666666,0.03205128205128205,0.08076923076923077,1.0,1.0,1.0
F8,N2,ShangChen2021,baseline,10,5000,,1.0,1.37035205620247,3.8533754771317463,0.9166844716077481,0.0817677156544448,0.02435897435897436,1.0,0.8717948717948718,0.01,1.0,1.0,1.0,1.0,1.0,1.0
F8,N2,RenEtAl2023,baseline,10,5000,,1.0,0.5470559543122546,1.5382995847121839,0.0013656575765336504,0.8189394079195398,0.038461538461538464,0.19743589743589743,1.0,0.01,0.19743589743589743,0.3294871794871795,0.7025641025641025,1.0,1.0,1.0
F8,N2,OURS_CORR_G0.02,proposed,10,5000,0.02,0.019997499249774932,0.04741256468243742,0.1333222460814357,0.004031651509044671,0.0019487853218537812,0.010256410256410256,0.014102564102564103,0.010256410256410256,0.01,0.014102564102564103,0.06538461538461539,0.33076923076923076,0.32051282051282054,0.16923076923076924,0.16923076923076924
F8,N2,OURS_MEMLESS_G0.02,proposed,10,5000,0.02,0.019739421826547966,0.10258952665608807,0.2884776685216396,0.12297500461285303,0.002669780548176661,0.010256410256410256,1.0,0.011538461538461539,0.01,1.0,1.0,1.0,1.0,1.0,1.0
F8,N2,OURS_CORR_G0.05,proposed,10,5000,0.05,0.04995973792137641,0.06724911838289085,0.18910184610039646,0.008366340955601636,0.0015333378261346029,0.010256410256410256,0.028205128205128206,0.00641025641025641,0.01,0.028205128205128206,0.03333333333333333,0.14358974358974358,0.14102564102564102,0.07051282051282051,0.06666666666666667
F8,N2,OURS_MEMLESS_G0.05,proposed,10,5000,0.05,0.04971216364909473,0.11679618516301085,0.32842622718200837,0.03308438461054548,0.001201202815632525,0.010256410256410256,0.3294871794871795,0.011538461538461539,0.01,0.3294871794871795,0.6628205128205128,0.8102564102564103,0.7692307692307693,0.6269230769230769,0.5935897435897436
F8,N2,OURS_CORR_G0.1,proposed,10,5000,0.1,0.09919775932779833,0.10814977290609526,0.3041128598212875,0.023190973010821018,0.0008918748145729867,0.010256410256410256,0.12307692307692308,0.007692307692307693,0.01,0.12307692307692308,0.1782051282051282,0.15,0.1282051282051282,0.07307692307692308,0.05641025641025641
F8,N2,OURS_MEMLESS_G0.1,proposed,10,5000,0.1,0.09978018405521658,0.14865788870355384,0.41802007025836746,0.030539327636559768,0.00043023606028559777,0.010256410256410256,0.23205128205128206,0.007692307692307693,0.01,0.23205128205128206,0.2076923076923077,0.18461538461538463,0.1576923076923077,0.09743589743589744,0.09487179487179487
F8,N2,OURS_CORR_G0.2,proposed,10,5000,0.2,0.2000785235570671,0.17888718147419125,0.5030236391778857,0.03202236818607739,0.0003862713716234575,0.010256410256410256,0.2564102564102564,0.010256410256410256,0.01,0.2564102564102564,0.47435897435897434,0.48717948717948717,0.4205128205128205,0.26666666666666666,0.23461538461538461
F8,N2,OURS_MEMLESS_G0.2,proposed,10,5000,0.2,0.19987571271381416,0.21012570256888488,0.5908651180032146,0.05968709650038879,0.0004704726423476305,0.010256410256410256,0.8564102564102564,0.007692307692307693,0.01,0.8564102564102564,0.908974358974359,0.8538461538461538,0.7987179487179488,0.6064102564102564,0.558974358974359
F8,N2,OURS_CORR_G0.3,proposed,10,5000,0.3,0.30054941482444736,0.23188849239103426,0.6520612173815282,0.02984451134301984,0.0003454588372608379,0.010256410256410256,0.2205128205128205,0.007692307692307693,0.01,0.2205128205128205,0.4153846153846154,0.42435897435897435,0.36923076923076925,0.21153846153846154,0.2064102564102564
F8,N2,OURS_MEMLESS_G0.3,proposed,10,5000,0.3,0.2992857857357208,0.25954807177255645,0.7298388544596229,0.05159136100233355,0.0008651638815790433,0.010256410256410256,0.7205128205128205,0.008974358974358974,0.01,0.7205128205128205,0.7974358974358975,0.7243589743589743,0.6679487179487179,0.46153846153846156,0.41794871794871796
F8,N2,OURS_CORR_G0.5,proposed,10,5000,0.5,0.5006106832049615,0.3031309283142421,0.8523921135735487,0.017348160025878863,0.001055695323579136,0.010256410256410256,0.052564102564102565,0.010256410256410256,0.01,0.05128205128205128,0.08333333333333333,0.08333333333333333,0.08461538461538462,0.05,0.05512820512820513
F8,N2,OURS_MEMLESS_G0.5,proposed,10,5000,0.5,0.4996626487946384,0.3211160998119189,0.9029657004758893,0.022627242283779356,0.0009498219875566992,0.010256410256410256,0.09615384615384616,0.008974358974358974,0.01,0.09615384615384616,0.12051282051282051,0.08333333333333333,0.09102564102564102,0.04871794871794872,0.04230769230769231
F8,N2,SWEEP_Ren_H0.00,sweep_ren,10,5000,,1.0,0.35436864982598504,0.996470548515733,0.0005151957885782338,0.00063007304221685,0.010256410256410256,0.008974358974358974,0.008974358974358974,0.01,0.008974358974358974,0.014102564102564103,0.01282051282051282,0.01282051282051282,0.010256410256410256,0.011538461538461539
F8,N2,SWEEP_Ren_H0.10,sweep_ren,10,5000,,1.0,0.3761230872235814,1.057643161208416,0.00048199166322082844,0.10054724869775732,0.010256410256410256,0.008974358974358974,1.0,0.01,0.008974358974358974,0.014102564102564103,0.017948717948717947,1.0,0.9974358974358974,0.9897435897435898
F8,N2,SWEEP_Ren_H0.20,sweep_ren,10,5000,,1.0,0.3987824857966967,1.1213604887323845,0.0004633180005727953,0.2004517077228264,0.010256410256410256,0.010256410256410256,1.0,0.01,0.010256410256410256,0.014102564102564103,0.02564102564102564,1.0,1.0,1.0
F8,N2,SWEEP_Ren_H0.30,sweep_ren,10,5000,,1.0,0.42243139360125737,1.1878602768580568,0.00046528819348437236,0.3003453908492893,0.011538461538461539,0.010256410256410256,1.0,0.01,0.010256410256410256,0.017948717948717947,0.03974358974358974,1.0,1.0,1.0
F8,N2,SWEEP_Ren_H0.50,sweep_ren,10,5000,,1.0,0.47257570831658696,1.3288640953783093,0.0005485178926413289,0.5001031668553213,0.015384615384615385,0.028205128205128206,1.0,0.01,0.028205128205128206,0.046153846153846156,0.12564102564102564,1.0,1.0,1.0
F8,N2,SWEEP_Ren_H0.70,sweep_ren,10,5000,,1.0,0.5233808017821014,1.4717259974620134,0.0008447173208547062,0.6998564583760851,0.026923076923076925,0.08846153846153847,1.0,0.01,0.08846153846153847,0.15384615384615385,0.4205128205128205,1.0,1.0,1.0
F8,N2,SWEEP_Ren_H0.90,sweep_ren,10,5000,,1.0,0.5506677332790738,1.5484557635105942,0.00210766811735492,0.8998133102859237,0.06538461538461539,0.3333333333333333,1.0,0.01,0.3333333333333333,0.5474358974358975,0.8871794871794871,1.0,1.0,1.0
F8,N2,SWEEP_Ren_H0.98,sweep_ren,10,5000,,1.0,0.5115047875857216,1.4383311179029483,0.005202017516569553,0.9799581909488737,0.20256410256410257,0.6538461538461539,1.0,0.01,0.6538461538461539,0.8846153846153846,0.9974358974358974,1.0,1.0,1.0
F8,N2,SWEEP_Li_T0.00,sweep_li,10,5000,,1.0,0.35436864982598504,0.996470548515733,0.0005151957885782338,0.00063007304221685,0.010256410256410256,0.008974358974358974,0.008974358974358974,0.01,0.008974358974358974,0.014102564102564103,0.01282051282051282,0.01282051282051282,0.010256410256410256,0.011538461538461539
F8,N2,SWEEP_Li_T0.10,sweep_li,10,5000,,1.0,0.3747677944998202,1.0538321319751334,0.00047758360058057893,0.10004124576443986,0.010256410256410256,0.008974358974358974,1.0,0.01,0.008974358974358974,0.01282051282051282,0.017948717948717947,1.0,0.9974358974358974,0.985897435897436
F8,N2,SWEEP_Li_T0.20,sweep_li,10,5000,,1.0,0.3930391963808765,1.1052105873308997,0.000441111177521217,0.1963930187061287,0.010256410256410256,0.010256410256410256,1.0,0.01,0.010256410256410256,0.014102564102564103,0.023076923076923078,1.0,1.0,1.0
F8,N2,SWEEP_Li_T0.30,sweep_li,10,5000,,1.0,0.4087553082503696,1.149403668809238,0.0004069861476758376,0.2864928337255395,0.011538461538461539,0.008974358974358974,1.0,0.01,0.008974358974358974,0.016666666666666666,0.03333333333333333,1.0,1.0,1.0
F8,N2,SWEEP_Li_T0.50,sweep_li,10,5000,,1.0,0.430186655065834,1.209667763635695,0.00035139777147272016,0.4330805025831298,0.014102564102564103,0.014102564102564103,1.0,0.01,0.014102564102564103,0.02564102564102564,0.0641025641025641,1.0,1.0,1.0
F8,N2,SWEEP_Li_T0.70,sweep_li,10,5000,,1.0,0.43175348953529974,1.214073639843956,0.00032593559809277123,0.4998395147523108,0.016666666666666666,0.016666666666666666,1.0,0.01,0.016666666666666666,0.03461538461538462,0.08974358974358974,1.0,1.0,1.0
F8,N2,SWEEP_Li_T0.90,sweep_li,10,5000,,1.0,0.3923111486439305,1.1031633460522583,0.0003662798981113479,0.39244258538966753,0.014102564102564103,0.01282051282051282,1.0,0.01,0.01282051282051282,0.019230769230769232,0.052564102564102565,1.0,1.0,1.0
F8,N2,SWEEP_Li_T0.98,sweep_li,10,5000,,1.0,0.33782302635532196,0.9499449134082183,0.0004406618515198489,0.19545288465571103,0.010256410256410256,0.011538461538461539,1.0,0.01,0.011538461538461539,0.015384615384615385,0.02435897435897436,1.0,1.0,1.0
