exp,regime,scheduler,budget,W,psi,power_acf1,max_rhat,mean_burst_len,mean_absz_fire,realized_rate,far_target,null_thr
F9,N2,MEMLESS,0.02,5000,0.34957631201466766,1.0,0.12357058811372135,1.079440202136727,1.0928391252722394,0.02,0.01,0.04253277329500636
F9,N2,AR,0.02,5000,0.3485198121776871,1.0,0.14862073868810843,1.0393813037875195,1.090153519088904,0.02,0.01,0.04253277329500636
F9,N2,MAGDIFF,0.02,5000,0.28159566823183513,0.39111111111111113,0.07912683230396021,1.5951299282875941,0.8552528496852015,0.02,0.01,0.04253277329500636
F9,N2,ENERGY,0.02,5000,0.049490986539742245,0.022222222222222223,0.008550232836615936,17.410282955502066,0.26806876193577756,0.02,0.01,0.04253277329500636
F9,N2,BLOCK,0.02,5000,0.05084278917889337,0.011111111111111112,0.008514691228635483,50.05263157894737,0.2537252992484634,0.020020020020020016,0.01,0.04253277329500636
F9,N2,CORR,0.02,5000,0.2942684984967008,0.02666666666666667,0.02679607205073058,2.073413714803365,0.926204619182323,0.020369169169169168,0.01,0.04253277329500636
F9,N2,MEMLESS,0.1,5000,0.6084143264697952,0.2222222222222222,0.028862106375686324,1.2219391177928223,0.6083066808338999,0.09999999999999998,0.01,0.04253277329500636
F9,N2,AR,0.1,5000,0.5873151766843592,0.04666666666666667,0.018995001412503428,1.2258007171481966,0.5726108265427273,0.09999999999999998,0.01,0.04253277329500636
F9,N2,MAGDIFF,0.1,5000,0.47985488179413766,0.26,0.055356220128711706,1.5810777987774136,0.4420371853517876,0.09999999999999998,0.01,0.04253277329500636
F9,N2,ENERGY,0.1,5000,0.19670852188987242,0.017777777777777778,0.01043327146609744,22.531227073027495,0.24711992801133675,0.09999999999999998,0.01,0.04253277329500636
F9,N2,BLOCK,0.1,5000,0.20032423140972064,0.017777777777777778,0.008919790421457793,50.05191321377035,0.2399003130959074,0.10006206206206204,0.01,0.04253277329500636
F9,N2,CORR,0.1,5000,0.549736303723355,0.10666666666666667,0.0230849972808267,2.428228727114765,0.5336559032388513,0.10233513513513515,0.01,0.04253277329500636
F9,N1,MEMLESS,0.02,5000,0.14382042274285844,0.006666666666666667,0.008401751092863117,1.019591320321308,0.7305603733060412,0.02,0.01,0.035340233125845194
F9,N1,AR,0.02,5000,0.1438097650148879,0.013333333333333334,0.008463286558028497,1.0192563136249881,0.7305289731047592,0.02,0.01,0.035340233125845194
F9,N1,MAGDIFF,0.02,5000,0.07649409176545778,0.013333333333333334,0.00868026412263677,1.2985444356752796,0.4126334278571268,0.02,0.01,0.035340233125845194
F9,N1,ENERGY,0.02,5000,0.030906713405423586,0.015555555555555555,0.008117113573000193,6.819701958051483,0.2733294908549089,0.02,0.01,0.035340233125845194
F9,N1,BLOCK,0.02,5000,0.025378452573847406,0.013333333333333334,0.008103613962190838,50.070263157894736,0.23562332667347438,0.020006006006006005,0.01,0.035340233125845194
F9,N1,CORR,0.02,5000,0.11374701786030463,0.006666666666666667,0.008216583621125302,1.7571546951569115,0.6001079560577084,0.02084964964964965,0.01,0.035340233125845194
F9,N1,MEMLESS,0.1,5000,0.4392561544968367,0.022222222222222223,0.00842036002429425,1.1122719241928551,0.5657375058597535,0.09999999999999998,0.01,0.035340233125845194
F9,N1,AR,0.1,5000,0.43922970879233864,0.024444444444444446,0.00841337459226011,1.1114509258115028,0.5657154600516208,0.09999999999999998,0.01,0.035340233125845194
F9,N1,MAGDIFF,0.1,5000,0.25263584419845,0.017777777777777778,0.008267158088809587,1.4207650031439008,0.3417959134455586,0.09999999999999998,0.01,0.035340233125845194
F9,N1,ENERGY,0.1,5000,0.13802724212395043,0.0022222222222222222,0.00822618552363933,9.138463057395642,0.25833561647691605,0.09999999999999998,0.01,0.035340233125845194
F9,N1,BLOCK,0.1,5000,0.1199837093090999,0.008888888888888889,0.008332239241259342,50.037814223871365,0.23219342367800755,0.10001361361361362,0.01,0.035340233125845194
F9,N1,CORR,0.1,5000,0.3548617195124074,0.015555555555555555,0.008009085004112248,2.1141012478011687,0.4749440637397232,0.10165925925925925,0.01,0.035340233125845194
